	name	substances	creator	curators	groups_count	group_all_count	groups	individuals_count	individuals	interventions_count	outputs_count	outputs_calculated_count	timecourses_count	results_count
133	Loetsch2006	normorphine, norcodeine, codeine, morphine sulfate, morphine, morphine-6-glucuronide, codeine-6-glucuronide	J G	M K, J G, D E	1	11	[{'count': 11, 'name': 'all'}]	11	['5', '6', '7', '8', '9', '10', '11', '1', '2', '3', '4']	2	682	682	132	814
151	Arias1988	sparteine sulfate, 5-dehydrosparteine, sparteine, 2-dehydrosparteine	J G	J G, M K	1	142	[{'count': 142, 'name': 'all'}]	142	['1', '2', '3', '4', '7', '8', '9', '10', '11', '12', '15', '16', '18', '21', '22', '23', '26', '28', '29', '30', '32', '33', '37', '38', '39', '40', '41', '42', '44', '48', '49', '56', '57', '58', '59', '61', '64', '65', '69', '71', '72', '75', '76', '77', '78', '79', '80', '81', '82', '83', '85', '86', '88', '89', '91', '92', '93', '95', '96', '97', '99', '100', '101', '102', '104', '105', '107', '108', '110', '111', '112', '113', '117', '118', '119', '120', '121', '123', '124', '125', '126', '128', '129', '130', '132', '134', '136', '137', '141', '142', '143', '144', '145', '146', '147', '148', '150', '151', '152', '153', '154', '155', '156', '157', '158', '159', '163', '164', '165', '166', '167', '168', '169', '170', '171', '172', '173', '174', '175', '176', '177', '178', '179', '180', '181', '183', '184', '185', '186', '187', '189', '190', '191', '193', '194', '195', '198', '199', '200', '201', '202', '203']	1	568	0	0	568
50	IKP243	caffeine	M K	M K	1	102	[{'count': 102, 'name': 'all'}]	102	['IKP243-1001', 'IKP243-1002', 'IKP243-1003', 'IKP243-1004', 'IKP243-1005', 'IKP243-1006', 'IKP243-1007', 'IKP243-1008', 'IKP243-1010', 'IKP243-1011', 'IKP243-1021', 'IKP243-1012', 'IKP243-1022', 'IKP243-1013', 'IKP243-1014', 'IKP243-1015', 'IKP243-1016', 'IKP243-1023', 'IKP243-1019', 'IKP243-1020', 'IKP243-1026', 'IKP243-1027', 'IKP243-1028', 'IKP243-1029', 'IKP243-1032', 'IKP243-1035', 'IKP243-1036', 'IKP243-1037', 'IKP243-1038', 'IKP243-1039', 'IKP243-1041', 'IKP243-1043', 'IKP243-1044', 'IKP243-1045', 'IKP243-1046', 'IKP243-1048', 'IKP243-1049', 'IKP243-1051', 'IKP243-1052', 'IKP243-1053', 'IKP243-2024', 'IKP243-2025', 'IKP243-2026', 'IKP243-2027', 'IKP243-2028', 'IKP243-1055', 'IKP243-1056', 'IKP243-1057', 'IKP243-1058', 'IKP243-2001', 'IKP243-2002', 'IKP243-2003', 'IKP243-2004', 'IKP243-2005', 'IKP243-2006', 'IKP243-2008', 'IKP243-2009', 'IKP243-2011', 'IKP243-2012', 'IKP243-2013', 'IKP243-2014', 'IKP243-2015', 'IKP243-2016', 'IKP243-2017', 'IKP243-2018', 'IKP243-2020', 'IKP243-2021', 'IKP243-2022', 'IKP243-2023', 'IKP243-2029', 'IKP243-2030', 'IKP243-2031', 'IKP243-2032', 'IKP243-2033', 'IKP243-2037', 'IKP243-2038', 'IKP243-2039', 'IKP243-2040', 'IKP243-2041', 'IKP243-2042', 'IKP243-2045', 'IKP243-2046', 'IKP243-2048', 'IKP243-2050', 'IKP243-2051', 'IKP243-2054', 'IKP243-2055', 'IKP243-2057', 'IKP243-2058', 'IKP243-2060', 'IKP243-2061', 'IKP243-2062', 'IKP243-2063', 'IKP243-2064', 'IKP243-2065', 'IKP243-2066', 'IKP243-2068', 'IKP243-2072', 'IKP243-2073', 'IKP243-2074', 'IKP243-2075', 'IKP243-2079']	1	510	0	0	510
111	Balogh1992	caffeine	M K	M K, J G	1	12	[{'count': 12, 'name': 'all'}]	12	['A', 'B', 'C', 'D', 'E', 'F', 'G', 'H', 'I', 'K', 'L', 'M']	1	363	216	72	435
54	Stille1987	ofloxacin, caffeine, ciprofloxacin, enoxacin	M K	M K	1	12	[{'count': 12, 'name': 'all'}]	12	['K', 'L', 'M', 'N', 'A', 'B', 'C', 'E', 'F', 'G', 'H', 'I']	13	432	0	0	432
145	Yue1991B	normorphine, norcodeine, 4-hydroxydebrisoquine, codeine, debrisoquine, morphine-3-glucuronide, morphine, morphine-6-glucuronide, norcodeine-glucuronide, codeine-6-glucuronide, codeine phosphate	J G	J G, M K	5	20	[{'count': 20, 'name': 'all'}, {'count': 3, 'name': 'EM_MultiDose'}, {'count': 8, 'name': 'EM_SingleDose'}, {'count': 3, 'name': 'PM_MultiDose'}, {'count': 6, 'name': 'PM_SingleDose'}]	14	['1_EM', '2_EM', '3_EM', '4_EM', '5_EM', '6_EM', '7_EM', '8_EM', '9_PM', '10_PM', '11_PM', '12_PM', '13_PM', '14_PM']	11	413	83	11	424
143	Wu2014	morphine, morphine-6-glucuronide, morphine-3-glucuronide, codeine	J G	M K, J G, D E	4	29	[{'count': 9, 'name': '*10/*10'}, {'count': 10, 'name': '*1/*1'}, {'count': 10, 'name': '*1/*10'}, {'count': 29, 'name': 'all'}]	208	['7_1/10_M6G', '8_1/10_M6G', '1_10/10_M6G', '2_10/10_M6G', '3_10/10_M6G', '4_10/10_M6G', '5_10/10_M6G', '6_10/10_M6G', '7_10/10_M6G', '8_10/10_M6G', '1_1/1_COD', '2_1/1_COD', '3_1/1_COD', '4_1/1_COD', '5_1/1_COD', '6_1/1_COD', '7_1/1_COD', '8_1/1_COD', '9_1/1_COD', '10_1/1_COD', '11_1/1_COD', '1_1/10_COD', '2_1/10_COD', '3_1/10_COD', '4_1/10_COD', '5_1/10_COD', '6_1/10_COD', '7_1/10_COD', '8_1/10_COD', '9_1/10_COD', '1_10/10_COD', '2_10/10_COD', '3_10/10_COD', '4_10/10_COD', '5_10/10_COD', '6_10/10_COD', '7_10/10_COD', '8_10/10_COD', '9_10/10_COD', '1_1/1_MOR', '2_1/1_MOR', '3_1/1_MOR', '4_1/1_MOR', '5_1/1_MOR', '6_1/1_MOR', '7_1/1_MOR', '8_1/1_MOR', '1_1/10_MOR', '2_1/10_MOR', '3_1/10_MOR', '4_1/10_MOR', '5_1/10_MOR', '6_1/10_MOR', '7_1/10_MOR', '8_1/10_MOR', '1_10/10_MOR', '2_10/10_MOR', '3_10/10_MOR', '1_1/10_M3G', '2_1/10_M3G', '3_1/10_M3G', '4_1/10_M3G', '5_1/10_M3G', '6_1/10_M3G', '7_1/10_M3G', '8_1/10_M3G', '9_1/10_M3G', '1_10/10_M3G', '2_10/10_M3G', '3_10/10_M3G', '4_10/10_MOR', '5_10/10_MOR', '6_10/10_MOR', '7_10/10_MOR', '8_10/10_MOR', '1_1/1_M3G', '2_1/1_M3G', '3_1/1_M3G', '4_1/1_M3G', '5_1/1_M3G', '6_1/1_M3G', '7_1/1_M3G', '8_1/1_M3G', '4_10/10_M3G', '5_10/10_M3G', '6_10/10_M3G', '7_10/10_M3G', '8_10/10_M3G', '9_10/10_M3G', '10_10/10_M3G', '1_1/1_M6G', '2_1/1_M6G', '3_1/1_M6G', '4_1/1_M6G', '5_1/1_M6G', '6_1/1_M6G', '7_1/1_M6G', '8_1/1_M6G', '9_1/1_M6G', '1_1/10_M6G', '2_1/10_M6G', '3_1/10_M6G', '4_1/10_M6G', '5_1/10_M6G', '6_1/10_M6G', '1_1/1_COD_AUC', '2_1/1_COD_AUC', '3_1/1_COD_AUC', '4_1/1_COD_AUC', '5_1/1_COD_AUC', '6_1/1_COD_AUC', '7_1/1_COD_AUC', '8_1/1_COD_AUC', '9_1/1_COD_AUC', '1_1/10_COD_AUC', '2_1/10_COD_AUC', '3_1/10_COD_AUC', '4_1/10_COD_AUC', '5_1/10_COD_AUC', '6_1/10_COD_AUC', '7_1/10_COD_AUC', '8_1/10_COD_AUC', '9_1/10_COD_AUC', '1_10/10_COD_AUC', '2_10/10_COD_AUC', '3_10/10_COD_AUC', '4_10/10_COD_AUC', '5_10/10_COD_AUC', '6_10/10_COD_AUC', '7_10/10_COD_AUC', '8_10/10_COD_AUC', '1_1/1_MOR_AUC', '2_1/1_MOR_AUC', '3_1/1_MOR_AUC', '4_1/1_MOR_AUC', '5_1/1_MOR_AUC', '6_1/1_MOR_AUC', '7_1/1_MOR_AUC', '8_1/1_MOR_AUC', '9_1/1_MOR_AUC', '5_1/10_MOR_AUC', '6_1/10_MOR_AUC', '7_1/10_MOR_AUC', '8_1/10_MOR_AUC', '9_1/10_MOR_AUC', '10_1/10_MOR_AUC', '1_10/10_MOR_AUC', '2_10/10_MOR_AUC', '1_1/10_MOR_AUC', '2_1/10_MOR_AUC', '3_1/10_MOR_AUC', '4_1/10_MOR_AUC', '3_10/10_MOR_AUC', '4_10/10_MOR_AUC', '5_10/10_MOR_AUC', '6_10/10_MOR_AUC', '7_10/10_MOR_AUC', '8_1/1_M3G_AUC', '9_1/1_M3G_AUC', '1_1/10_M3G_AUC', '2_1/10_M3G_AUC', '3_1/10_M3G_AUC', '4_1/10_M3G_AUC', '5_1/10_M3G_AUC', '6_1/10_M3G_AUC', '8_10/10_MOR_AUC', '1_1/1_M3G_AUC', '2_1/1_M3G_AUC', '3_1/1_M3G_AUC', '4_1/1_M3G_AUC', '5_1/1_M3G_AUC', '6_1/1_M3G_AUC', '7_1/1_M3G_AUC', '7_1/10_M3G_AUC', '8_1/10_M3G_AUC', '9_1/10_M3G_AUC', '1_10/10_M3G_AUC', '2_10/10_M3G_AUC', '3_10/10_M3G_AUC', '4_10/10_M3G_AUC', '5_10/10_M3G_AUC', '6_10/10_M3G_AUC', '7_10/10_M3G_AUC', '1_1/1_M6G_AUC', '2_1/1_M6G_AUC', '3_1/1_M6G_AUC', '4_1/1_M6G_AUC', '5_1/1_M6G_AUC', '6_1/1_M6G_AUC', '7_1/1_M6G_AUC', '8_1/1_M6G_AUC', '9_1/1_M6G_AUC', '10_1/1_M6G_AUC', '1_1/10_M6G_AUC', '2_1/10_M6G_AUC', '3_1/10_M6G_AUC', '4_1/10_M6G_AUC', '5_1/10_M6G_AUC', '6_1/10_M6G_AUC', '3_10/10_M6G_AUC', '4_10/10_M6G_AUC', '5_10/10_M6G_AUC', '6_10/10_M6G_AUC', '7_10/10_M6G_AUC', '8_10/10_M6G_AUC', '7_1/10_M6G_AUC', '1_10/10_M6G_AUC', '2_10/10_M6G_AUC']	1	379	96	12	391
63	Chen1991	norcodeine, dextromethorphan, norcodeine-conjugates, codeine, dextrorphan, morphine-3-glucuronide, morphine, morphine-6-glucuronide, codeine-6-glucuronide, codeine phosphate	J G	M K, J G, D E	3	8	[{'count': 8, 'name': 'all'}, {'count': 2, 'name': 'PM'}, {'count': 6, 'name': 'EM'}]	8	['1', '2', '3', '4', '5', '6', '7', '8']	9	360	28	4	364
144	Vree1992	normorphine, norcodeine, codeine, morphine-3-glucuronide, morphine, morphine-6-glucuronide, norcodeine-glucuronide, codeine-6-glucuronide, codeine phosphate	J G	J G, M K	1	8	[{'count': 8, 'name': 'all'}]	8	['1', '2', '3', '4', '5', '6', '7', '8']	1	306	40	14	320
124	McLean2002	caffeine, paraxanthine, theobromine, theophylline	M K	M K, D E	3	14	[{'count': 14, 'name': 'all'}, {'count': 8, 'name': 'female'}, {'count': 6, 'name': 'male'}]	0		1	262	206	48	310
148	Yue1989-2	normorphine, norcodeine, 4-hydroxydebrisoquine, codeine, debrisoquine, morphine-3-glucuronide, morphine, morphine-6-glucuronide, norcodeine-glucuronide, codeine-6-glucuronide, codeine phosphate	J G	J G, M K	3	132	[{'count': 132, 'name': 'all'}, {'count': 114, 'name': 'all_EM'}, {'count': 18, 'name': 'all_PM'}]	132	['1_PM', '2_PM', '3_PM', '4_PM', '5_PM', '6_PM', '7_PM', '8_PM', '9_PM', '10_PM', '11_PM', '12_PM', '13_PM', '14_PM', '15_PM', '16_PM', '17_PM', '18_PM', '19_EM', '20_EM', '21_EM', '22_EM', '23_EM', '24_EM', '25_EM', '26_EM', '27_EM', '28_EM', '29_EM', '30_EM', '31_EM', '32_EM', '33_EM', '34_EM', '35_EM', '36_EM', '37_EM', '38_EM', '39_EM', '40_EM', '41_EM', '42_EM', '43_EM', '44_EM', '45_EM', '46_EM', '47_EM', '48_EM', '49_EM', '50_EM', '51_EM', '52_EM', '53_EM', '54_EM', '55_EM', '56_EM', '57_EM', '58_EM', '59_EM', '60_EM', '61_EM', '62_EM', '63_EM', '64_EM', '65_EM', '66_EM', '67_EM', '68_EM', '69_EM', '70_EM', '71_EM', '72_EM', '73_EM', '74_EM', '75_EM', '76_EM', '77_EM', '78_EM', '79_EM', '80_EM', '81_EM', '82_EM', '83_EM', '84_EM', '85_EM', '86_EM', '87_EM', '88_EM', '89_EM', '90_EM', '91_EM', '92_EM', '93_EM', '94_EM', '95_EM', '96_EM', '97_EM', '98_EM', '99_EM', '100_EM', '101_EM', '102_EM', '103_EM', '104_EM', '105_EM', '106_EM', '107_EM', '108_EM', '109_EM', '110_EM', '111_EM', '112_EM', '113_EM', '114_EM', '115_EM', '116_EM', '117_EM', '118_EM', '119_EM', '120_EM', '121_EM', '122_EM', '123_EM', '124_EM', '125_EM', '126_EM', '127_EM', '128_EM', '129_EM', '130_EM', '131_EM', '132_EM']	2	301	0	0	301
108	Beach1986	disulfiram, caffeine	M K	M K	5	21	[{'count': 21, 'name': 'all'}, {'count': 10, 'name': 'control'}, {'count': 11, 'name': 'recovering alcoholics'}, {'count': 9, 'name': 'recovering alcoholics smokers'}, {'count': 2, 'name': 'recovering alcoholics nonsmokers'}]	21	['1', '2', '3', '4', '5', '6', '7', '8', '9', '10', 'A', 'B', 'C', 'D', 'E', 'F', 'G', 'H', 'I', 'J', 'K']	3	280	25	4	284
34	Carbo1989	1X, paraxanthine, caffeine, pipemidic acid, theophylline, norfloxacin, theobromine	M K	M K, J G	1	6	[{'count': 6, 'name': 'all'}]	6	['1', '2', '3', '4', '5', '6']	3	210	24	3	213
2	Chan1997	paracetamol sulfate, paracetamol glucuronide, paracetamol, paracetamol cysteine	M K	M K, D E, J G	5	38	[{'count': 38, 'name': 'all'}, {'count': 8, 'name': 'mild renal impairment'}, {'count': 11, 'name': 'moderate renal impairment'}, {'count': 6, 'name': 'normal renal function'}, {'count': 13, 'name': 'severe renal impairment'}]	0		1	193	113	16	209
53	TangLiu1983	7MU, paraxanthine, 1MX, 17MU, 137MU, caffeine, theophylline, 7MX, 1MU, 13MU, 3MX, theobromine	M K	M K	1	6	[{'count': 6, 'name': 'all'}]	6	['LR', 'SB', 'CC', 'JM', 'TK', 'MB']	2	182	128	16	198
67	Caraco1996	normorphine, norcodeine, mephenytoin, codeine, debrisoquine, 4-hydroxydebrisoquine, quinidine, morphine-3-glucuronide, morphine, morphine-6-glucuronide, norcodeine-glucuronide, codeine-6-glucuronide, codeine phosphate	J G	J G, M K	3	16	[{'count': 16, 'name': 'all'}, {'count': 10, 'name': 'all_EM'}, {'count': 6, 'name': 'all_PM'}]	15	['1_EM', '2_EM', '3_EM', '4_EM', '5_EM', '6_EM', '7_EM', '8_EM', '9_EM', '1_PM', '2_PM', '3_PM', '4_PM', '5_PM', '6_PM']	4	179	96	12	191
136	Lafolie1996	norcodeine, codeine, morphine-3-glucuronide, morphine, morphine-6-glucuronide, codeine-6-glucuronide, codeine phosphate	J G	M K, J G, D E	1	13	[{'count': 13, 'name': 'all'}]	13	['1', '2', '3', '4', '5', '6', '7', '8', '9', '10', '11', '12', '13']	2	184	40	5	189
19	Fery1993	insulin, glucose, lactate, glucagon, FFA, c-peptide	M K	M K, K G	5	30	[{'count': 30, 'name': 'all'}, {'count': 11, 'name': 'control'}, {'count': 7, 'name': 'mild_t2dm'}, {'count': 12, 'name': 'severe_t2dm'}, {'count': 19, 'name': 't2dm'}]	0		1	139	139	33	172
112	Akinyinka2000	caffeine, paraxanthine, theobromine, theophylline	M K	M K, D E, J G	4	28	[{'count': 28, 'name': 'all'}, {'count': 10, 'name': 'control'}, {'count': 8, 'name': 'healthy subjects'}, {'count': 10, 'name': 'malaria'}]	20	['1C', '2C', '3C', '4C', '5C', '6C', '7C', '8C', '9C', '10C', '1M', '2M', '3M', '4M', '5M', '6M', '7M', '8M', '9M', '10M']	1	164	32	6	170
74	Molanaei2010	codeine-6-glucuronide, codeine phosphate, morphine-6-glucuronide, morphine-3-glucuronide	J G	M K, J G, D E	3	11	[{'count': 11, 'name': 'all'}, {'count': 9, 'name': 'EM'}, {'count': 2, 'name': 'PM'}]	9	['EM1', 'EM2', 'EM3', 'EM4', 'EM5', 'EM6', 'EM7', 'PM1', 'PM2']	2	137	131	25	162
119	Harder1988	paraxanthine, pipemidic acid, caffeine, ofloxacin, ciprofloxacin, enoxacin, norfloxacin	M K	M K, J G	2	12	[{'count': 12, 'name': 'all'}, {'count': 12, 'name': 'S1'}]	0		37	160	0	0	160
29	Bonati1982	caffeine, paraxanthine, theobromine, theophylline	M K	M K, D E, J G	1	4	[{'count': 4, 'name': 'all'}]	4	['D', 'A', 'B', 'C']	5	143	113	16	159
131	May1982	caffeine, cimetidine	M K	M K	3	12	[{'count': 12, 'name': 'all'}, {'count': 6, 'name': 'nonsmokers'}, {'count': 6, 'name': 'smokers'}]	12	['1', '2', '3', '4', '5', '6', '7', '8', '9', '10', '11', '12']	2	156	16	2	158
127	Levy1983	caffeine	M K	M K	3	12	[{'count': 12, 'name': 'all'}, {'count': 6, 'name': 'A (wakefulness)'}, {'count': 6, 'name': 'B'}]	12	['1', '2', '3', '4', '5', '6', '7', '8', '9', '10', '11', '12']	1	144	96	12	156
26	Benowitz2003	1X, carbon monoxide, AAMU, chlorzoxazone, caffeine, 1U, 6-hydroxychlorzoxazone	M K	M K, D E, J G	1	12	[{'count': 12, 'name': 'all'}]	20	['A1', 'A2', 'A3', 'A4', 'A5', 'A6', 'A7', 'A8', 'A9', 'B1', 'B2', 'B3', 'B4', 'B5', 'B6', 'B7', 'B8', 'B9', 'B10', 'B11']	4	150	48	6	156
62	Ammon2002	diclofenac, normorphine, norcodeine, normorphine-glucuronide, codeine, 5-dehydrosparteine, morphine-3-glucuronide, 2-dehydrosparteine, morphine, morphine-6-glucuronide, norcodeine-glucuronide, sparteine, sparteine sulfate, codeine-6-glucuronide, codeine phosphate	J G	J G, M K, D E	1	12	[{'count': 12, 'name': 'all'}]	0		3	146	70	10	156
106	Balogh1995	gestodene, levonorgestrel, ethinylestradiol, caffeine	M K	M K, J G	7	20	[{'count': 10, 'name': 'A'}, {'count': 20, 'name': 'all'}, {'count': 10, 'name': 'A_no_oc'}, {'count': 10, 'name': 'A_oc'}, {'count': 10, 'name': 'B'}, {'count': 10, 'name': 'B_no_oc'}, {'count': 10, 'name': 'B_oc'}]	40	['4', '5', '9', '10', '11', '12', '16', '17', '19', '20', '1', '2', '3', '6', '7', '8', '13', '14', '15', '18', '4_oc', '5_oc', '9_oc', '10_oc', '11_oc', '12_oc', '16_oc', '17_oc', '19_oc', '20_oc', '1_oc', '2_oc', '3_oc', '6_oc', '7_oc', '8_oc', '13_oc', '14_oc', '15_oc', '18_oc']	4	150	0	0	150
9	Sahajwalla1991	paracetamol	J B	M K, J B, J G	1	8	[{'count': 8, 'name': 'all'}]	0		24	140	48	8	148
110	Backman2008	paraxanthine, caffeine	M K	M K, J G	5	71	[{'count': 71, 'name': 'all'}, {'count': 11, 'name': 'female nonsmokers'}, {'count': 38, 'name': 'male nonsmokers'}, {'count': 15, 'name': 'male smokers'}, {'count': 53, 'name': 'men'}]	70	['1', '2', '3', '4', '5', '6', '7', '8', '9', '10', '11', '12', '13', '14', '15', '16', '17', '18', '19', '20', '21', '22', '23', '24', '25', '26', '27', '28', '29', '30', '31', '32', '33', '34', '35', '36', '37', '38', '39', '40', '41', '42', '43', '44', '45', '46', '47', '48', '49', '50', '51', '52', '53', '54', '55', '56', '57', '58', '59', '60', '61', '62', '63', '64', '65', '66', '67', '68', '69', '70']	1	140	0	0	140
35	Carrillo2000a	1X, paraxanthine, AFMU, caffeine, 17U, 1U	M K	M K, J G	7	23	[{'count': 23, 'name': 'all'}, {'count': 11, 'name': 'females'}, {'count': 6, 'name': 'females nonsmokers'}, {'count': 5, 'name': 'females smokers'}, {'count': 12, 'name': 'males'}, {'count': 8, 'name': 'males nonsmokers'}, {'count': 4, 'name': 'males smokers'}]	0		1	123	19	16	139
70	Sindrup1996	codeine, 5-dehydrosparteine, 2-dehydrosparteine, morphine, sparteine sulfate, quinidine, sparteine	J G	M K, J G, D E	1	17	[{'count': 17, 'name': 'all'}]	17	['1', '2', '3', '4', '5', '10', '14', '15', '16', '17', '18', '19', '21', '22', '23', '24', '25']	3	136	0	0	136
7	Prescott1989	paracetamol sulfate, paracetamol mercapturate, paracetamol, paracetamol glucuronide, paracetamol cysteine	J B	J B, M K	5	23	[{'count': 23, 'name': 'all'}, {'count': 7, 'name': 'chronic renal failure'}, {'count': 10, 'name': 'control'}, {'count': 6, 'name': 'end stage renal failure'}, {'count': 13, 'name': 'patients'}]	23	['1', '2', '3', '4', '5', '6', '7', '8', '9', '10', '11', '12', '13', '14', '15', '16', '17', '18', '19', '20', '21', '22', '23']	1	120	62	9	129
100	Mitrakou1992	glucose, insulin, glucagon	M K	M K, K G	5	31	[{'count': 31, 'name': 'all'}, {'count': 8, 'name': 'nonobese igt'}, {'count': 9, 'name': 'nonobese normal'}, {'count': 7, 'name': 'obese igt'}, {'count': 7, 'name': 'obese normal'}]	0		1	96	96	32	128
98	Yang2015	glucose, insulin	M K	M K	7	1082	[{'count': 1082, 'name': 'all'}, {'count': 353, 'name': 'DM_1990'}, {'count': 245, 'name': 'DM_2000'}, {'count': 127, 'name': 'NGT_1990'}, {'count': 89, 'name': 'NGT_2000'}, {'count': 98, 'name': 'PREDM_1990'}, {'count': 170, 'name': 'PREDM_2000'}]	0		1	106	76	18	124
80	Ganetsky2013	paracetamol sulfate, paracetamol mercapturate, paracetamol, paracetamol glucuronide, paracetamol cysteine	J B	J B, M K	1	15	[{'count': 15, 'name': 'all'}]	0		2	112	80	10	122
55	Renner1984	caffeine	M K	M K, D E, J G	5	36	[{'count': 36, 'name': 'all'}, {'count': 8, 'name': 'cirrhosis'}, {'count': 10, 'name': 'control'}, {'count': 11, 'name': 'misc liver disease'}, {'count': 7, 'name': 'pbc'}]	36	['ER1', 'MT', 'UM', 'HP', 'EC', 'PH', 'FW', 'HS', 'CB', 'BD', 'RS', 'PA1', 'RB', 'CW', 'HG', 'JS', 'PR', 'AC', 'ZZ', 'GR', 'HM', 'HL', 'BL', 'EG', 'ER2', 'KK', 'PA2', 'HLU', 'IL', 'PB', 'AM', 'ES', 'AL', 'RF', 'FR', 'HI']	1	120	0	0	120
89	Degn2004	cortisol, insulin, glucose, glucagon, exenatide, growth hormone, epinephrine, norepinephrine, c-peptide	M K	M K, K G	1	12	[{'count': 12, 'name': 'all'}]	0		2	100	100	20	120
107	Barnet1990	norfloxacin, caffeine, pipemidic acid	M K	M K, J G	1	6	[{'count': 6, 'name': 'all'}]	6	['1', '2', '3', '4', '5', '6']	3	120	0	0	120
135	Mikus1997	codeine, sulfapyridine, 5-dehydrosparteine, 2-dehydrosparteine, morphine, sparteine, codeine-6-glucuronide, codeine phosphate, sulfasalazine	J G	J G, M K	3	10	[{'count': 10, 'name': 'all'}, {'count': 12, 'name': 'EM'}, {'count': 12, 'name': 'PM'}]	10	['1_pm', '2_pm', '3_pm', '4_pm', '1_em', '2_em', '5_pm', '3_em', '4_em', '5_em']	3	112	32	4	116
125	Parsons1978	caffeine	M K	M K, J G	3	26	[{'count': 26, 'name': 'all'}, {'count': 13, 'name': 'nonsmokers'}, {'count': 13, 'name': 'smokers'}]	26	['1', '2', '3', '4', '5', '6', '7', '8', '9', '10', '11', '12', '13', '14', '15', '16', '17', '18', '19', '20', '21', '22', '23', '24', '25', '26']	1	112	0	0	112
11	Miners1988	paracetamol sulfate, paracetamol mercapturate, paracetamol, paracetamol glucuronide, paracetamol cysteine	J B	J B, M K	3	16	[{'count': 16, 'name': 'all'}, {'count': 8, 'name': 'elderly subjects'}, {'count': 8, 'name': 'young subjects'}]	16	['Y1', 'Y2', 'Y3', 'Y4', 'Y5', 'Y6', 'Y7', 'Y8', 'E1', 'E2', 'E3', 'E4', 'E5', 'E6', 'E7', 'E8']	1	108	0	0	108
12	Shinoda2007	paracetamol sulfate, paracetamol glucuronide, paracetamol, paracetamol cysteine	J B	J B, M K	3	10	[{'count': 10, 'name': 'all'}, {'count': 5, 'name': 'chronic_pain'}, {'count': 5, 'name': 'volunteers'}]	10	['patient1', 'patient2', 'patient3', 'patient4', 'patient5', 'volunteer1', 'volunteer2', 'volunteer3', 'volunteer4', 'volunteer5']	3	104	32	4	108
138	Kircheiner2007	codeine, morphine-3-glucuronide, morphine, morphine-6-glucuronide, codeine phosphate	J G	M K, J G, D E	4	26	[{'count': 26, 'name': 'all'}, {'count': 11, 'name': 'EM'}, {'count': 3, 'name': 'PM'}, {'count': 12, 'name': 'UM'}]	0		1	96	96	12	108
46	Joeres1988	caffeine	M K	M K, J G	6	71	[{'count': 71, 'name': 'all'}, {'count': 30, 'name': 'cirrhosis nonsmokers'}, {'count': 18, 'name': 'cirrhosis smokers'}, {'count': 15, 'name': 'healthy nonsmokers'}, {'count': 7, 'name': 'healthy smokers'}, {'count': 8, 'name': 'healthy smokers 2'}]	71	['15', '16', '17', '18', '19', '20', '21', '22', '23', '24', '25', '26', '27', '28', '29', '30', '31', '32', '33', '34', '35', '36', '37', '38', '39', '40', '41', '42', '43', '44', '45', '46', '47', '48', '49', '50', '51', '52', '53', '54', '55', '56', '57', '58', '59', '60', '61', '62', '63', '64', '65', '66', '67', '68', '69', '70', '71', '3', '4', '5', '6', '1', '2', '7', '8', '9', '10', '11', '12', '13', '14']	3	107	0	0	107
147	Yue1991	normorphine, norcodeine, 4-hydroxydebrisoquine, codeine, debrisoquine, morphine-3-glucuronide, morphine, morphine-6-glucuronide, norcodeine-glucuronide, codeine-6-glucuronide, codeine phosphate	J G	J G, M K	1	8	[{'count': 8, 'name': 'all'}]	8	['1', '2', '3', '4', '5', '6', '7', '8']	2	98	56	7	105
134	Kim2002	norcodeine, codeine sulphate, codeine	J G	J G, M K	5	19	[{'count': 19, 'name': 'all'}, {'count': 13, 'name': 'all_13'}, {'count': 14, 'name': 'all_14'}, {'count': 16, 'name': 'all_16'}, {'count': 17, 'name': 'all_17'}]	0		2	96	64	8	104
116	Fuhr1993a	grapefruit juice, caffeine	M K	M K, J G	3	12	[{'count': 12, 'name': 'all'}, {'count': 6, 'name': 'nonsmokers'}, {'count': 6, 'name': 'smokers'}]	12	['1', '2', '3', '4', '5', '6', '7', '8', '9', '10', '11', '12']	2	104	0	0	104
21	Jones1998	cortisol, glucose, growth hormone, epinephrine, norepinephrine	M K	M K, K G	3	18	[{'count': 18, 'name': 'all'}, {'count': 6, 'name': 'normal'}, {'count': 8, 'name': 't1dm'}]	0		5	82	82	20	102
56	Perera2011	caffeine, paraxanthine	M K	M K, J G	3	30	[{'count': 30, 'name': '24h abstinence'}, {'count': 30, 'name': 'all'}, {'count': 30, 'name': 'no abstinence'}]	0		1	82	64	16	98
66	ZylberKatz1984	caffeine	M K	M K, J G	1	12	[{'count': 12, 'name': 'all'}]	12	['1', '2', '3', '4', '5', '6', '7', '8', '9', '10', '11', '12']	3	96	0	0	96
83	Critchley2005	paracetamol sulfate, paracetamol glucuronide, paracetamol, paracetamol cysteine	M K	M K, D E, J G	3	20	[{'count': 20, 'name': 'all'}, {'count': 9, 'name': 'Caucasians'}, {'count': 11, 'name': 'Chinese'}]	0		1	86	54	8	94
94	Bergman1991	glucose, insulin	M K	M K, K G	5	18	[{'count': 18, 'name': 'all'}, {'count': 5, 'name': 'lean good tolerance'}, {'count': 3, 'name': 'lean lower tolerance'}, {'count': 3, 'name': 'obese good tolerance'}, {'count': 7, 'name': 'obese lower tolerance'}]	18	['7', '4', '6', '8', '2', '5', '1', '3', '14', '15', '12', '11', '13', '9', '18', '10', '16', '17']	1	85	31	8	93
81	Grattan2000	paracetamol	J B	J B	1	15	[{'count': 15, 'name': 'all'}]	0		5	86	56	7	93
126	Park2003	caffeine	M K	M K, D E	4	65	[{'count': 65, 'name': 'all'}, {'count': 20, 'name': 'chronic viral hepatitis'}, {'count': 20, 'name': 'cirrhosis'}, {'count': 25, 'name': 'control'}]	30	['Control1', 'Control2', 'Control3', 'Control4', 'Control5', 'Control6', 'Control7', 'Control8', 'Control9', 'CVH1', 'CVH2', 'CVH3', 'CVH4', 'CVH5', 'CVH6', 'CVH7', 'Cirrhosis1', 'Cirrhosis2', 'Cirrhosis3', 'Cirrhosis4', 'Cirrhosis5', 'Cirrhosis6', 'Cirrhosis7', 'Cirrhosis8', 'Cirrhosis9', 'Cirrhosis10', 'Cirrhosis11', 'Cirrhosis12', 'Cirrhosis13', 'Cirrhosis14']	1	90	0	0	90
57	Seng2009	caffeine	M K	M K, J G	4	59	[{'count': 59, 'name': 'all'}, {'count': 15, 'name': 'caffeine nonsmoker (CNS)'}, {'count': 30, 'name': 'caffeine smoker (CS)'}, {'count': 14, 'name': 'noncaffeine nonsmoker (NCNS)'}]	0		2	84	48	6	90
97	Knop2007	insulin, glucose, glucagon, GIP, GLP-1, c-peptide	M K	M K	3	20	[{'count': 20, 'name': 'all'}, {'count': 10, 'name': 'control'}, {'count': 10, 'name': 't2dm'}]	0		2	56	56	32	88
37	Cheng1990	caffeine	M K	M K, J G	3	26	[{'count': 26, 'name': 'all'}, {'count': 13, 'name': 'cirrhosis'}, {'count': 13, 'name': 'control'}]	26	['1', '2', '3', '4', '5', '6', '7', '8', '9', '10', '11', '12', '13', '14', '15', '16', '17', '18', '19', '20', '21', '22', '23', '24', '25', '26']	3	87	0	0	87
16	Israelian2006	cortisol, insulin, glucose, glucagon, growth hormone, epinephrine, FFA, c-peptide	M K	M K, K G	3	37	[{'count': 37, 'name': 'all'}, {'count': 23, 'name': 'control'}, {'count': 14, 'name': 't2dm'}]	0		2	69	69	18	87
25	Blanchard1982	caffeine	M K	M K	3	16	[{'count': 16, 'name': 'all'}, {'count': 8, 'name': 'elderly'}, {'count': 8, 'name': 'young'}]	0		2	82	32	4	86
23	Firth1986	glucose, insulin, c-peptide, glucagon	M K	M K, K G	3	20	[{'count': 20, 'name': 'all'}, {'count': 7, 'name': 'control'}, {'count': 13, 'name': 't2dm'}]	0		1	64	64	20	84
92	Butler1991	insulin, [6-3H]glucose, glucose, glucagon, [2-3H]glucose	M K	M K, K G	4	25	[{'count': 25, 'name': 'all'}, {'count': 9, 'name': 'control'}, {'count': 6, 'name': 'IGT'}, {'count': 10, 'name': 'T2DM'}]	0		1	54	54	30	84
99	Polonsky1986	c-peptide	M K	M K, K G	3	17	[{'count': 17, 'name': 'all'}, {'count': 10, 'name': 'control'}, {'count': 7, 'name': 't2dm'}]	17	['C1', 'C2', 'C3', 'C4', 'C5', 'C6', 'C7', 'C8', 'C9', 'C10', 'T1', 'T2', 'T3', 'T4', 'T5', 'T6', 'T7']	4	78	21	5	83
109	Amchin1999	1X, paraxanthine, venlafaxine, AAMU, 17U, caffeine, 1U, theobromine	M K	M K, J G	1	15	[{'count': 15, 'name': 'all'}]	16	['1', '2', '3', '4', '5', '6', '7', '8', '9', '10', '11', '12', '13', '14', '15', '16']	2	72	16	2	74
8	Perucca1979	paracetamol	M K	M K, D E	3	12	[{'count': 12, 'name': 'all'}, {'count': 6, 'name': 'control'}, {'count': 6, 'name': 'epileptic'}]	0		2	66	42	6	72
15	Lau1994	paracetamol sulfate, paracetamol mercapturate, paracetamol, paracetamol glucuronide, paracetamol cysteine	M K	M K, D E	1	6	[{'count': 6, 'name': 'all'}]	6	['1', '2', '3', '4', '5', '6']	1	68	32	4	72
1	Briant1976	paracetamol	J B	J B, M K	7	56	[{'count': 56, 'name': 'all'}, {'count': 14, 'name': 'elder females'}, {'count': 14, 'name': 'elder males'}, {'count': 28, 'name': 'elders'}, {'count': 28, 'name': 'young'}, {'count': 14, 'name': 'young females'}, {'count': 14, 'name': 'young males'}]	57	['1', '2', '3', '4', '5', '6', '7', '8', '9', '10', '11', '12', '13', '14', '15', '16', '17', '18', '19', '20', '21', '22', '23', '24', '25', '26', '27', '28', '29', '30', '31', '52', '53', '54', '55', '32', '33', '34', '35', '36', '37', '38', '39', '40', '41', '42', '43', '44', '45', '46', '47', '48', '49', '50', '51', '56', '57']	1	69	0	0	69
0	Chiew2010	paracetamol sulfate, panadol extend, paracetamol glucuronide, paracetamol	M K	M K, D E, J G	1	9	[{'count': 9, 'name': 'all'}]	0		2	60	48	6	66
3	Borin1989	paracetamol	J B	J B	1	15	[{'count': 15, 'name': 'all'}]	15	['1', '2', '3', '4', '5', '6', '7', '8', '9', '10', '11', '12', '13', '14', '15']	5	60	30	5	65
114	Abernethy1985	caffeine	M K	M K, J G	3	18	[{'count': 18, 'name': 'all'}, {'count': 9, 'name': 'control'}, {'count': 9, 'name': 'OCS'}]	54	['1', '2', '3', '4', '5', '6', '7', '8', '9', '10', '11', '12', '13', '14', '15', '16', '17', '18', '19', '20', '21', '22', '23', '24', '25', '26', '27', '28', '29', '30', '31', '32', '33', '34', '35', '36', '37', '38', '39', '40', '41', '42', '43', '44', '45', '46', '47', '48', '49', '50', '51', '52', '53', '54']	1	64	0	0	64
122	George1986	antipyrine, caffeine	M K	M K	5	10	[{'count': 10, 'name': 'A'}, {'count': 10, 'name': 'all'}, {'count': 10, 'name': 'B'}, {'count': 10, 'name': 'C'}, {'count': 10, 'name': 'D'}]	20	['1A', '2A', '3A', '4A', '5A', '6A', '7A', '8A', '9A', '10A', '1C', '2C', '3C', '4C', '5C', '6C', '7C', '8C', '9C', '10C']	2	64	0	0	64
128	Magnusson2008	caffeine, midazolam, paraxanthine, digoxin	M K	M K, J G	1	7	[{'count': 7, 'name': 'all'}]	7	['1', '2', '3', '4', '5', '6', '7']	3	43	43	21	64
115	Haller2002	caffeine	M K	M K, D E, J G	1	8	[{'count': 8, 'name': 'all'}]	8	['1', '2', '3', '4', '5', '6', '7', '8']	1	62	8	1	63
47	Kaplan1997	caffeine, paraxanthine, theobromine, theophylline	M K	M K, J G	1	12	[{'count': 12, 'name': 'all'}]	12	['1', '2', '3', '4', '5', '6', '7', '8', '9', '10', '11', '12']	2	55	35	8	63
121	Granfors2005	paraxanthine, caffeine	M K	M K, J G	3	30	[{'count': 30, 'name': 'all'}, {'count': 15, 'name': 'control'}, {'count': 15, 'name': 'oc'}]	30	['1', '2', '3', '4', '5', '6', '7', '8', '9', '10', '11', '12', '13', '14', '15', '16', '17', '18', '19', '20', '21', '22', '23', '24', '25', '26', '27', '28', '29', '30']	1	62	0	0	62
17	Kjems2001	glucose, insulin, c-peptide	M K	M K, K G	3	16	[{'count': 16, 'name': 'all'}, {'count': 8, 'name': 'control'}, {'count': 8, 'name': 't2dm'}]	0		2	49	49	12	61
146	Wu2013	morphine, morphine-6-glucuronide, morphine-3-glucuronide, codeine	J G	M K, D E, J G	1	10	[{'count': 10, 'name': 'all'}]	0		1	57	29	4	61
61	Turpault2009	paraxanthine, caffeine, metropolol, midazolam, warfarin, omeprazole	M K	M K, D E	1	30	[{'count': 30, 'name': 'all'}]	0		5	46	46	14	60
40	Cornish1957	7MU, paraxanthine, 1MX, caffeine, theophylline, 1MU, 7MX, 13MU, 3MX, theobromine	M K	M K	1	2	[{'count': 2, 'name': 'all'}]	2	['H.C.', 'F.M.']	3	60	0	0	60
129	Oh2012	5-hydroxyomeprazole, exp3174, dextromethorphan, paraxanthine, losartan, dextrorphan, caffeine, 1-hydroxymidazolam, midazolam, omeprazole	M K	M K, D E, J G	1	13	[{'count': 13, 'name': 'all'}]	0		5	45	45	11	56
38	Culm-Merdek2005	paraxanthine, caffeine, theophylline, fluvoxamine, theobromine	M K	M K, D E, J G	1	7	[{'count': 7, 'name': 'all'}]	0		5	49	27	6	55
30	Campbell1987a	caffeine	M K	M K, J G	4	15	[{'count': 15, 'name': 'all'}, {'count': 5, 'name': 'nonsmoker'}, {'count': 5, 'name': 'oc'}, {'count': 5, 'name': 'smoker'}]	15	['ns1', 'ns2', 'ns3', 'ns4', 'ns5', 's1', 's2', 's3', 's4', 's5', 'oc1', 'oc2', 'oc3', 'oc4', 'oc5']	1	54	0	0	54
150	Yue1989	normorphine, norcodeine, codeine, morphine-3-glucuronide, morphine, morphine-6-glucuronide, norcodeine-glucuronide, codeine-6-glucuronide, codeine phosphate	J G	J G, M K	17	282	[{'count': 282, 'name': 'all'}, {'count': 149, 'name': 'Caucasian'}, {'count': 82, 'name': 'Caucasian_F'}, {'count': 19, 'name': 'Caucasian_F_CONRTA'}, {'count': 63, 'name': 'Caucasian_F_NONCONRTA'}, {'count': 69, 'name': 'Caucasian_F_NONSMOKE'}, {'count': 13, 'name': 'Caucasian_F_SMOKE'}, {'count': 67, 'name': 'Caucasian_M'}, {'count': 121, 'name': 'Caucasian_NONSMOKE'}, {'count': 28, 'name': 'Caucasian_SMOKE'}, {'count': 133, 'name': 'Chinese'}, {'count': 23, 'name': 'Chinese_F'}, {'count': 110, 'name': 'Chinese_M'}, {'count': 84, 'name': 'Chinese_M_NONSMOKE'}, {'count': 26, 'name': 'Chinese_M_SMOKE'}, {'count': 107, 'name': 'Chinese_NONSMOKE'}, {'count': 26, 'name': 'Chinese_SMOKE'}]	0		1	52	0	0	52
79	Divoll1982	paracetamol	J B	J B, M K	7	28	[{'count': 28, 'name': 'all'}, {'count': 16, 'name': 'young subjects'}, {'count': 12, 'name': 'elderly subjects'}, {'count': 8, 'name': 'young women'}, {'count': 8, 'name': 'young men'}, {'count': 6, 'name': 'elderly women'}, {'count': 6, 'name': 'elderly men'}]	1	['elderly male volunteer']	3	48	18	3	51
43	Healy1991	caffeine, paraxanthine, lomefloxacin	M K	M K, J G	1	16	[{'count': 16, 'name': 'all'}]	0		2	44	22	6	50
49	Hetzler1990	caffeine, glycerol, paraxanthine, FFA	M K	M K, D E, J G	1	10	[{'count': 10, 'name': 'all'}]	0		1	50	0	0	50
18	Henkel2005	glucose, insulin, glucagon	M K	M K, K G	4	64	[{'count': 64, 'name': 'all'}, {'count': 27, 'name': 'control'}, {'count': 15, 'name': 'igt'}, {'count': 24, 'name': 't2dm'}]	0		1	39	39	9	48
58	Patwardhan1980	caffeine	M K	M K	4	31	[{'count': 31, 'name': 'all'}, {'count': 13, 'name': 'males'}, {'count': 9, 'name': 'no oc'}, {'count': 9, 'name': 'oc'}]	0		1	42	24	3	45
14	Rawlins1977	paracetamol	M K	M K, D E, J G	1	6	[{'count': 6, 'name': 'all'}]	0		4	41	32	4	45
64	Wang1985	indocyanine green, caffeine	M K	M K	5	27	[{'count': 27, 'name': 'all'}, {'count': 9, 'name': 'cirrhosis'}, {'count': 10, 'name': 'healthy'}, {'count': 17, 'name': 'liver disease'}, {'count': 8, 'name': 'non-cirrhotic liver disease'}]	0		2	42	24	3	45
48	Jeppesen1996	paraxanthine, caffeine, theophylline, fluvoxamine, theobromine	M K	M K, D E, J G	1	8	[{'count': 8, 'name': 'all'}]	0		2	37	37	8	45
76	Shord2009	morphine, codeine sulphate, morphine-3-glucuronide, codeine	J G	M K, J G, D E	3	54	[{'count': 54, 'name': 'all'}, {'count': 30, 'name': 'Group1'}, {'count': 24, 'name': 'Group2'}]	0		1	42	16	2	44
72	Mohammed1993	codeine	J G	M K, J G, D E	3	10	[{'count': 10, 'name': 'all'}, {'count': 5, 'name': 'healthy'}, {'count': 5, 'name': 'sickle cell'}]	0		1	39	13	4	43
10	Malan1985	paracetamol	J B	J B, M K	1	6	[{'count': 6, 'name': 'all'}]	0		3	39	24	3	42
28	Benowitz1995	caffeine, paraxanthine	M K	M K, J G	3	12	[{'count': 5, 'name': '2mg'}, {'count': 7, 'name': '4mg'}, {'count': 12, 'name': 'all'}]	0		4	34	28	8	42
44	Lelo1986a	caffeine, paraxanthine, theobromine, theophylline	M K	M K, D E	1	6	[{'count': 6, 'name': 'all'}]	1	['A']	4	32	8	8	40
103	Mitrakou1991	cortisol, insulin, glucose, glucagon, growth hormone, epinephrine, norepinephrine	M K	M K, K G	1	10	[{'count': 10, 'name': 'all'}]	0		2	24	24	14	38
95	Felig1969	glucose, insulin	M K	M K, K G	3	20	[{'count': 20, 'name': 'all'}, {'count': 10, 'name': 'nonobese'}, {'count': 10, 'name': 'obese'}]	0		1	32	32	4	36
84	Iqbal1995	caffeine, paracetamol	J B	J B, M K	1	10	[{'count': 10, 'name': 'all'}]	0		2	34	14	2	36
4	Baraka1990	propanolol, paracetamol sulfate, paracetamol mercapturate, paracetamol, antipyrine, paracetamol glucuronide, paracetamol cysteine	M K	M K, D E, J G	1	10	[{'count': 10, 'name': 'all'}]	0		3	32	14	2	34
117	Ghassabian2009	5-hydroxyomeprazole, dextromethorphan, paraxanthine, losartan, caffeine, midazolam, omeprazole	M K	M K, J G	1	11	[{'count': 11, 'name': 'all'}]	11	['1', '2', '3', '4', '5', '6', '7', '8', '9', '10', '11']	5	33	0	0	33
132	Newton1981	caffeine	M K	M K	1	6	[{'count': 6, 'name': 'all'}]	0		5	33	0	0	33
91	Basu2009	glucose, insulin, c-peptide, glucagon	M K	M K, K G	3	25	[{'count': 25, 'name': 'all'}, {'count': 11, 'name': 'control'}, {'count': 14, 'name': 't2dm'}]	0		1	18	18	14	32
22	Ferrannini1988	glucose, insulin	M K	M K, K G	3	22	[{'count': 22, 'name': 'all'}, {'count': 10, 'name': 'control'}, {'count': 12, 'name': 't2dm'}]	0		1	18	18	14	32
85	Jensen2004	paracetamol sulfate, paracetamol glucuronide, paracetamol	M K	M K, D E, J G	1	6	[{'count': 6, 'name': 'all'}]	0		1	28	24	3	31
82	Depre1992	paracetamol, propacetamol	J B	J B	3	18	[{'count': 18, 'name': 'all'}, {'count': 12, 'name': 'study one'}, {'count': 6, 'name': 'study two'}]	0		4	29	13	2	31
93	Calbet2002	glucose, insulin, FFA, glucagon	M K	M K, K G	1	6	[{'count': 6, 'name': 'all'}]	0		4	27	27	4	31
140	Liao2009	morphine, codeine phosphate, codeine	J G	M K, J G, D E	1	20	[{'count': 20, 'name': 'all'}]	0		1	28	16	2	30
5	Albert1974	paracetamol	M K	M K, D E, J G	1	10	[{'count': 10, 'name': 'all'}]	0		2	26	16	2	28
71	Somogyi1991	norcodeine, dextromethorphan, codeine, dextrorphan, paracetamol, morphine, codeine-6-glucuronide, codeine phosphate	J G	M K, D E, J G	1	6	[{'count': 6, 'name': 'all'}]	0		9	27	0	0	27
36	Faber2004	caffeine	M K	M K	3	12	[{'count': 12, 'name': 'all'}, {'count': 12, 'name': 'smokers'}, {'count': 12, 'name': 'smoking cessation'}]	24	['S1', 'S2', 'S3', 'S4', 'S5', 'S6', 'S7', 'S8', 'S9', 'S10', 'S11', 'S12', 'NS1', 'NS2', 'NS3', 'NS4', 'NS5', 'NS6', 'NS7', 'NS8', 'NS9', 'NS10', 'NS11', 'NS12']	1	26	0	0	26
6	Ameer1981	paracetamol	M K	M K, D E, J G	1	1	[{'count': 1, 'name': 'all'}]	1	['1']	2	24	16	2	26
27	Blanchard1983a	caffeine	M K	M K, J G	1	10	[{'count': 10, 'name': 'all'}]	0		2	23	16	2	25
101	Thomaseth2008	glucose, insulin	M K	M K	3	22	[{'count': 22, 'name': 'all'}, {'count': 10, 'name': 'control'}, {'count': 12, 'name': 't2dm'}]	0		1	18	18	6	24
52	Trang1982	L-ascorbic acid, caffeine	M K	M K	1	10	[{'count': 10, 'name': 'all'}]	10	['A', 'B', 'C', 'D', 'E', 'F', 'G', 'H', 'I', 'J']	3	24	0	0	24
13	Renner2007	caffeine, paracetamol	M K	M K	3	24	[{'count': 24, 'name': 'all'}, {'count': 12, 'name': 'men'}, {'count': 12, 'name': 'women'}]	0		2	22	14	2	24
88	Tan2006	paracetamol	J B	J B, M K	2	10	[{'count': 10, 'name': 'all'}, {'count': 8, 'name': 'males'}]	0		2	19	11	2	21
118	Healy1989	caffeine, ciprofloxacin, paraxanthine	M K	M K, J G	1	10	[{'count': 10, 'name': 'all'}]	0		4	20	0	0	20
137	Kronstrand2001	morphine, codeine phosphate, codeine	J G	M K, D E, J G	1	9	[{'count': 9, 'name': 'all'}]	0		1	17	16	3	20
65	Hasselstrom1997	normorphine, norcodeine, 4-hydroxydebrisoquine, codeine, debrisoquine, morphine-3-glucuronide, morphine, morphine-6-glucuronide, norcodeine-glucuronide, codeine-6-glucuronide, codeine phosphate	J G	J G, M K	3	24	[{'count': 24, 'name': 'all'}, {'count': 12, 'name': 'EM'}, {'count': 12, 'name': 'PM'}]	0		2	20	0	0	20
20	Ferrannini1979	glucose, insulin	M K	M K, K G	1	17	[{'count': 17, 'name': 'all'}]	0		1	16	16	3	19
96	Wynne1990	paracetamol sulfate, paracetamol glucuronide, paracetamol	J B	M K, J B	4	47	[{'count': 47, 'name': 'all'}, {'count': 20, 'name': 'fit elderly'}, {'count': 19, 'name': 'fit young'}, {'count': 9, 'name': 'frail elderly'}]	0		1	18	0	0	18
113	Begas2007	1X, paraxanthine, AFMU, 17U, caffeine, 1U	M K	M K, D E, J G	9	44	[{'count': 44, 'name': 'all'}, {'count': 21, 'name': 'men'}, {'count': 10, 'name': 'men nonsmokers'}, {'count': 11, 'name': 'men smokers'}, {'count': 21, 'name': 'nonsmokers'}, {'count': 23, 'name': 'smokers'}, {'count': 23, 'name': 'women'}, {'count': 11, 'name': 'women nonsmokers'}, {'count': 12, 'name': 'women smokers'}]	0		1	18	0	0	18
130	Murphy1988	antipyrine, caffeine	M K	M K	5	8	[{'count': 8, 'name': 'all'}, {'count': 8, 'name': 'smokers (caffeine)'}, {'count': 8, 'name': 'smokers (no caffeine)'}, {'count': 8, 'name': 'smoking cessation (caffeine)'}, {'count': 8, 'name': 'smoking cessation (no caffeine)'}]	0		2	16	0	0	16
139	Mitchell1991	morphine, morphine sulfate	J G	M K, J G	1	4	[{'count': 4, 'name': 'all'}]	4	['C', 'E', 'F', 'O']	1	12	12	4	16
90	Yin2001	paracetamol	J B	J B, M K	1	12	[{'count': 12, 'name': 'all'}]	0		1	15	8	1	16
73	ONeal1999	codeine phosphate, codeine	J G	J G, M K	1	17	[{'count': 17, 'name': 'all'}]	0		1	12	6	2	14
75	Shah1990	morphine, codeine phosphate, codeine	J G	M K, D E, J G	1	10	[{'count': 10, 'name': 'all'}]	0		1	12	0	0	12
59	Spigset1999a	paraxanthine, caffeine	M K	M K, J G	1	12	[{'count': 12, 'name': 'all'}]	0		1	8	0	2	10
142	Yue1999	normorphine, norcodeine, 4-hydroxydebrisoquine, codeine, debrisoquine, morphine-3-glucuronide, morphine, morphine-6-glucuronide, norcodeine-glucuronide, codeine-6-glucuronide, codeine phosphate	J G	J G, M K	1	12	[{'count': 12, 'name': 'all'}]	0		3	10	0	0	10
39	Desmond1980	caffeine	M K	M K, J G	4	33	[{'count': 33, 'name': 'all'}, {'count': 15, 'name': 'S1'}, {'count': 10, 'name': 'S2'}, {'count': 8, 'name': 'S3'}]	0		1	10	0	0	10
24	Hovorka2002	[3-OMG]glucose, insulin, glucose, [U-13C]glucose	M K	M K, K G	1	6	[{'count': 6, 'name': 'all'}]	0		1	4	4	4	8
141	He2008	codeine, morphine-3-glucuronide, morphine, morphine-6-glucuronide, codeine-6-glucuronide	J G	M K, D E, J G	3	23	[{'count': 23, 'name': 'all'}, {'count': 12, 'name': 'EM'}, {'count': 11, 'name': 'UM'}]	0		1	2	0	4	6
45	Koch1999	paraxanthine, caffeine	M K	M K, D E	1	6	[{'count': 6, 'name': 'all'}]	6	['1', '2', '3', '4', '5', '6']	1	6	0	0	6
149	Yue1997	codeine phosphate, 4-hydroxydebrisoquine, debrisoquine	J G	J G, M K	3	132	[{'count': 132, 'name': 'all'}, {'count': 18, 'name': 'all_PM'}, {'count': 114, 'name': 'all_EM'}]	0		2	2	0	0	2
120	Harder1989	pipemidic acid, caffeine, ofloxacin, ciprofloxacin, enoxacin, norfloxacin	M K	M K, J G	2	12	[{'count': 12, 'name': 'all'}, {'count': 12, 'name': 'S1'}]	0		37	2	0	0	2
33	Blanchard1983		M K	M K, D E	0	0	[]	0		0	0	0	0	0
69	Dayer1988		M K	M K, D E	0	0	[]	0		0	0	0	0	0
32	Brown1988a		M K	M K	0	0	[]	0		0	0	0	0	0
123	Gunes2009		M K	M K	0	0	[]	0		0	0	0	0	0
60	Tanaka2014		M K	M K	0	0	[]	0		0	0	0	0	0
77	Poulsen1996		M K	M K, D E	0	0	[]	0		0	0	0	0	0
78	Rasmussen1998		M K	M K, D E	0	0	[]	0		0	0	0	0	0
105	Oskarsson1997		M K	M K, K G	0	0	[]	0		0	0	0	0	0
68	Desmeules1991		M K	M K, D E	0	0	[]	0		0	0	0	0	0
104	Wojcikowski1990		M K	M K, K G	0	0	[]	0		0	0	0	0	0
86	Kim2011	paracetamol	J B	J B	1	12	[{'count': 12, 'name': 'all'}]	0		1	0	0	0	0
41	Dobrinas2011		M K	M K	0	0	[]	0		0	0	0	0	0
87	Divoll1982b		J B	J B	0	0	[]	0		0	0	0	0	0
51	Kakuda2014		M K	M K	0	0	[]	0		0	0	0	0	0
42	Doroshyenko2013		M K	M K	0	0	[]	0		0	0	0	0	0
102	Zavaroni1987		M K	M K, K G	1	9	[{'count': 9, 'name': 'all'}]	0		0	0	0	0	0
31	Birkett1991		M K	M K, D E	1	6	[{'count': 6, 'name': 'all'}]	0		0	0	0	0	0
