measurement_type			general	general	species	species	healthy	healthy	sex	sex	age	age	age	age	age	age	age	age	overnight fast	overnight fast	weight	weight	weight	weight	weight	weight	weight	weight	smoking	smoking	medication	medication	medication	abstinence medication	abstinence medication	abstinence medication	abstinence alcohol	abstinence alcohol	abstinence alcohol	ethnicity	ethnicity	abstinence	abstinence	abstinence	abstinence	disease	disease	disease	disease	disease	oral contraceptives	oral contraceptives	age (categorial)	age (categorial)	biochemistry (categorial)	biochemistry (categorial)	biochemistry (categorial)	height	height	height	height	height	height	alcohol	alcohol	liver function test	liver function test	fasting (duration)	fasting (duration)	fasting (duration)	bmi	bmi	bmi	bmi	bmi	bmi	concentration	concentration	concentration	concentration	concentration	concentration	alcohol amount	alcohol amount	alcohol amount	alcohol amount	alcohol amount	smoking amount (cigarettes)	smoking amount (cigarettes)	smoking amount (cigarettes)	smoking amount (cigarettes)	smoking amount (cigarettes)	kidney function test	kidney function test	obesity index	obesity index	obesity index	obesity index	weight (categorial)	weight (categorial)	clearance	clearance	clearance	clearance	clearance	clearance	hba1c	hba1c	hba1c	hba1c	body surface area	body surface area	body surface area	body surface area	body surface area	abstinence smoking	abstinence smoking	abstinence smoking	gfr	gfr	gfr	gfr	liver volume	liver volume	liver volume	liver volume	body position	body position	fasting	fasting	pregnancy status	pregnancy status	abstinence oral contraceptives	abstinence oral contraceptives	abstinence oral contraceptives	circadian status	circadian status
			group_count	parent_pk	choice	count	choice	count	choice	count	count	max	mean	median	min	sd	se	unit	choice	count	count	max	mean	median	min	sd	se	unit	choice	count	choice	count	substance	count	min	unit	count	min	unit	choice	count	count	min	substance	unit	choice	count	mean	sd	unit	choice	count	choice	count	choice	count	substance	count	max	mean	min	sd	unit	choice	count	choice	count	count	min	unit	count	max	mean	min	sd	unit	count	mean	min	sd	substance	unit	count	max	mean	min	unit	count	max	mean	min	unit	choice	count	count	max	min	unit	choice	count	count	max	mean	min	substance	unit	count	mean	sd	unit	count	max	median	min	unit	count	min	unit	count	mean	sd	unit	count	mean	se	unit	choice	count	choice	count	choice	count	count	min	unit	choice	count
study	subject_pk	subject_name																																																																																																																																							
Abernethy1982	49	all	42	None	homo sapiens	42	Y	42	('M', 'F')	(17, 25)																																																																																																																															
Abernethy1982	50	obese	21	49.0	homo sapiens	42	Y	42	('M', 'F')	(17, 25)																																																																																					21		1.33e+02	percent	obese	21																																					
Abernethy1982	51	obese men	7	50.0	homo sapiens	42	Y	42	M	7	7	6.40e+01	4.30e+01		2.60e+01			yr			7	1.97e+02	1.35e+02		9.20e+01			kilogram	('Y', 'N')	(3, 4)																																																																	21		1.33e+02	percent	obese	21																																					
Abernethy1982	52	obese women	14	50.0	homo sapiens	42	Y	42	F	14	14	5.60e+01	3.30e+01		2.30e+01			yr			14	1.02e+02	8.80e+01		6.80e+01			kilogram	('Y', 'N')	(0, 14)																																																																	21		1.33e+02	percent	obese	21																																					
Abernethy1982	53	control	21	49.0	homo sapiens	42	Y	42	('M', 'F')	(17, 25)																																																																																					21	1.12e+02		percent	normal	21																																					
Abernethy1982	54	control men	10	53.0	homo sapiens	42	Y	42	M	10	10	6.60e+01	3.60e+01		2.30e+01			yr			10	8.70e+01	7.10e+01		5.90e+01			kilogram	('Y', 'N')	(3, 7)																																																																	21	1.12e+02		percent	normal	21																																					
Abernethy1982	55	control women	11	53.0	homo sapiens	42	Y	42	F	11	11	5.90e+01	3.00e+01		2.30e+01			yr			11	6.60e+01	5.50e+01		4.50e+01			kilogram	('Y', 'N')	(4, 7)																																																																	21	1.12e+02		percent	normal	21																																					
Abernethy1982a	56	all	16	None	homo sapiens	16			F	16																			('Y', 'N')	(1, 15)	N	16								('african', 'caucasian')	(1, 15)																																																																																																
Abernethy1982a	57	OC group	8	56.0	homo sapiens	16			F	16	8	3.60e+01	2.59e+01		2.10e+01		1.70e+00	yr			8	7.70e+01	5.83e+01		4.80e+01		3.60e+00	kilogram	('Y', 'N')	(1, 15)	N	16								('african', 'caucasian')	(1, 15)										Y	8																																																																																					
Abernethy1982a	58	control	8	56.0	homo sapiens	16			F	16	8	3.20e+01	2.60e+01		2.30e+01		1.10e+00	yr			8	6.60e+01	5.55e+01		4.80e+01		1.90e+00	kilogram	('Y', 'N')	(1, 15)	N	16								('african', 'caucasian')	(1, 15)										N	8																																																																																					
Adithan1982	59	all	10	None	homo sapiens	10	Y	10	M	10	10		2.12e+01				4.70e-01	yr	Y	10	10		6.16e+01				1.94e+00	kilogram	N	10				10	7.00e+00	day																												N	10																																																																								
Albert1974	60	all	10	None	homo sapiens	10	Y	10																																																																																																																																	
Allonen1981	1	all	6	None	homo sapiens	6	Y	6			6	3.70e+01			2.50e+01			yr	Y	6									('Y', 'N')	(1, 5)																																																																																																											
Ameer1981	61	all	1	None	homo sapiens	1	Y	1																																																																																																																																	
Bannwarth1992	62	all	43	None	homo sapiens	43	N	43	('F', 'M')	(19, 24)	43	7.30e+01	5.20e+01		3.10e+01	1.20e+01		yr			43	1.01e+02	7.20e+01		4.50e+01	1.30e+01		kilogram																																																																																																													
Bannwarth1992	63	group1	3	62.0	homo sapiens	43	N	43	('F', 'M')	(19, 24)	43	7.30e+01	5.20e+01		3.10e+01	1.20e+01		yr			43	1.01e+02	7.20e+01		4.50e+01	1.30e+01		kilogram																																																																																																													
Bannwarth1992	64	group2	2	62.0	homo sapiens	43	N	43	('F', 'M')	(19, 24)	43	7.30e+01	5.20e+01		3.10e+01	1.20e+01		yr			43	1.01e+02	7.20e+01		4.50e+01	1.30e+01		kilogram																																																																																																													
Bannwarth1992	65	group3	4	62.0	homo sapiens	43	N	43	('F', 'M')	(19, 24)	43	7.30e+01	5.20e+01		3.10e+01	1.20e+01		yr			43	1.01e+02	7.20e+01		4.50e+01	1.30e+01		kilogram																																																																																																													
Bannwarth1992	66	group4	5	62.0	homo sapiens	43	N	43	('F', 'M')	(19, 24)	43	7.30e+01	5.20e+01		3.10e+01	1.20e+01		yr			43	1.01e+02	7.20e+01		4.50e+01	1.30e+01		kilogram																																																																																																													
Bannwarth1992	67	group5	4	62.0	homo sapiens	43	N	43	('F', 'M')	(19, 24)	43	7.30e+01	5.20e+01		3.10e+01	1.20e+01		yr			43	1.01e+02	7.20e+01		4.50e+01	1.30e+01		kilogram																																																																																																													
Bannwarth1992	68	group6	4	62.0	homo sapiens	43	N	43	('F', 'M')	(19, 24)	43	7.30e+01	5.20e+01		3.10e+01	1.20e+01		yr			43	1.01e+02	7.20e+01		4.50e+01	1.30e+01		kilogram																																																																																																													
Bannwarth1992	69	group7	4	62.0	homo sapiens	43	N	43	('F', 'M')	(19, 24)	43	7.30e+01	5.20e+01		3.10e+01	1.20e+01		yr			43	1.01e+02	7.20e+01		4.50e+01	1.30e+01		kilogram																																																																																																													
Bannwarth1992	70	group8	4	62.0	homo sapiens	43	N	43	('F', 'M')	(19, 24)	43	7.30e+01	5.20e+01		3.10e+01	1.20e+01		yr			43	1.01e+02	7.20e+01		4.50e+01	1.30e+01		kilogram																																																																																																													
Bannwarth1992	71	group9	5	62.0	homo sapiens	43	N	43	('F', 'M')	(19, 24)	43	7.30e+01	5.20e+01		3.10e+01	1.20e+01		yr			43	1.01e+02	7.20e+01		4.50e+01	1.30e+01		kilogram																																																																																																													
Bannwarth1992	72	group10	3	62.0	homo sapiens	43	N	43	('F', 'M')	(19, 24)	43	7.30e+01	5.20e+01		3.10e+01	1.20e+01		yr			43	1.01e+02	7.20e+01		4.50e+01	1.30e+01		kilogram																																																																																																													
Bannwarth1992	73	group11	5	62.0	homo sapiens	43	N	43	('F', 'M')	(19, 24)	43	7.30e+01	5.20e+01		3.10e+01	1.20e+01		yr			43	1.01e+02	7.20e+01		4.50e+01	1.30e+01		kilogram																																																																																																													
Bannwarth2001	74	all	12	None	homo sapiens	12	N	12	('M', 'F')	(1, 11)	12	9.50e+01	8.90e+01		8.40e+01	4.00e+00		yr			12	7.40e+01	5.90e+01		4.50e+01	1.00e+01		kilogram	N	12	Y	12																							('normal', 'normal', 'normal', 'normal')	(12, 12, 12, 12)	('alt', 'ast', 'albumin', 'creatinine')																																																																																
Baraka1990	75	all	10	None	homo sapiens	10	Y	10	('F', 'M')	(4, 6)	10	3.20e+01			2.10e+01			yr	Y	10	10	8.50e+01		6.80e+01	5.10e+01			kilogram	N	10	N	10																			N	10																																																																																					
Bedjaoui1984	76	all	26	None	homo sapiens	26																																																																																																																																			
Bedjaoui1984	77	group1	14	76.0	homo sapiens	26			('F', 'M')	(6, 8)	14	9.00e+01	8.15e+01		6.80e+01		5.90e+00	yr			14		5.18e+01				1.26e+01	kilogram																											normal	14																																																																																	
Bedjaoui1984	78	group2	12	76.0	homo sapiens	26			('M', 'F')	(6, 6)	12	2.60e+01	2.39e+01		2.10e+01		1.10e+00	yr			12		6.23e+01				6.90e+00	kilogram																																																																																																													
Berg2014	79	all	36	None	homo sapiens	36	Y	36			36	4.50e+01			1.80e+01			yr																			36	2.00e+00	day																																36	3.00e+01				kilogram / meter ** 2																																																													
Berg2014	80	placebo	13	79.0	homo sapiens	36	Y	36	('F', 'M')	(5, 8)	13		3.25e+01			7.00e+00		yr			13		8.09e+01			1.24e+01		kilogram									36	2.00e+00	day	('african american', 'hispanic', 'caucasian')	(4, 8, 9)																	13		1.74e+00		1.07e-01	meter								13		2.67e+01		2.20e+00	kilogram / meter ** 2																																																													
Berg2014	81	teduglutide_4mg	23	79.0	homo sapiens	36	Y	36	('F', 'M')	(9, 14)	23		3.14e+01			7.40e+00		yr			23		7.03e+01			1.20e+01		kilogram									36	2.00e+00	day	('african american', 'hispanic', 'caucasian')	(5, 17, 18)																	23		1.69e+00		8.70e-02	meter								23		2.45e+01		3.10e+00	kilogram / meter ** 2																																																													
Borin1989	82	all	15	None	homo sapiens	15			('F', 'M')	(6, 9)									Y	15																	15																											N	15			15	5.00e-01	day																																																											Y	15							
Briant1976	83	all	56	None	homo sapiens	56	Y	56											Y	56														56	1.40e+01	day				white new zealanders	56																									normal	56										(56, 56)		('1.00e+02', '3.00e+01')		('haemoglobin', 'albumin')	('gram / liter', 'gram / liter')																																																							
Briant1976	84	young	28	83.0	homo sapiens	56	Y	56			28	4.00e+01			2.00e+01			yr	Y	56														56	1.40e+01	day				white new zealanders	56																									normal	56										(56, 56)		('3.00e+01', '1.00e+02')		('albumin', 'haemoglobin')	('gram / liter', 'gram / liter')																																																							
Briant1976	85	young males	14	84.0	homo sapiens	14	Y	14	M	14	14	4.00e+01	2.82e+01		2.00e+01			yr	Y	56	14		7.42e+01					kilogram						56	1.40e+01	day				white new zealanders	56																									normal	56										(56, 56)		('3.00e+01', '1.00e+02')		('albumin', 'haemoglobin')	('gram / liter', 'gram / liter')																																																							
Briant1976	86	young females	14	84.0	homo sapiens	56	Y	56	F	14	14	4.00e+01	2.81e+01		2.00e+01			yr	Y	56	14		5.86e+01					kilogram						56	1.40e+01	day				white new zealanders	56																									normal	56										(56, 56)		('3.00e+01', '1.00e+02')		('albumin', 'haemoglobin')	('gram / liter', 'gram / liter')																																																							
Briant1976	87	elders	28	83.0	homo sapiens	28	Y	56			28				6.50e+01			yr	Y	56														56	1.40e+01	day				white new zealanders	56																									normal	56										(56, 56)		('3.00e+01', '1.00e+02')		('albumin', 'haemoglobin')	('gram / liter', 'gram / liter')																																																							
Briant1976	88	elder males	14	87.0	homo sapiens	14	Y	14	M	14	14		7.74e+01		6.50e+01			yr	Y	56	14		6.88e+01					kilogram						56	1.40e+01	day				white new zealanders	56																									normal	56										(56, 56)		('3.00e+01', '1.00e+02')		('albumin', 'haemoglobin')	('gram / liter', 'gram / liter')																																																							
Briant1976	89	elder females	14	87.0	homo sapiens	14	Y	14	M	14	14		7.65e+01		6.50e+01			yr	Y	56	14		5.65e+01					kilogram						56	1.40e+01	day				white new zealanders	56																									normal	56										(56, 56)		('3.00e+01', '1.00e+02')		('albumin', 'haemoglobin')	('gram / liter', 'gram / liter')																																																							
Chan1997	90	all	38	None	homo sapiens	38	N	38	('F', 'M')	(18, 20)	38	7.50e+01	5.80e+01		3.40e+01	1.10e+01		yr	Y	38																										t2dm	38	8.10e+00	3.90e+00	year																											(38, 38)	('3.32e-04', '1.73e+00')		('7.10e-05', '6.25e-01')	('fructosamine', 'glucose')	('mole / liter', 'gram / liter')																									38	8.07e+00	1.46e+00	percent																											
Chan1997	91	normal renal function	6	90.0	homo sapiens	38	N	38	('F', 'M')	(18, 20)	38	7.50e+01	5.80e+01		3.40e+01	1.10e+01		yr	Y	38																										t2dm	38	8.10e+00	3.90e+00	year																											(38, 38)	('1.73e+00', '3.32e-04')		('6.25e-01', '7.10e-05')	('glucose', 'fructosamine')	('gram / liter', 'mole / liter')																			(6, 6)	(None, '7.20e+00')	(None, '6.36e+00')	('5.20e+01', '5.52e+00')	('creatinine', 'creatinine')	('milliliter / meter ** 2 / minute', 'liter / hour')	38	8.07e+00	1.46e+00	percent																											
Chan1997	92	mild renal impairment	8	90.0	homo sapiens	38	N	38	('F', 'M')	(18, 20)	38	7.50e+01	5.80e+01		3.40e+01	1.10e+01		yr	Y	38																										('renal disease (mild)', 't2dm')	(8, 38)	(None, '8.10e+00')	(None, '3.90e+00')	(None, 'year')																											(38, 38)	('1.73e+00', '3.32e-04')		('6.25e-01', '7.10e-05')	('glucose', 'fructosamine')	('gram / liter', 'mole / liter')																			(8, 8)	('5.20e+01', '5.16e+00')	(None, '4.68e+00')	('3.47e+01', '4.14e+00')	('creatinine', 'creatinine')	('milliliter / meter ** 2 / minute', 'liter / hour')	38	8.07e+00	1.46e+00	percent																											
Chan1997	93	moderate renal impairment	11	90.0	homo sapiens	38	N	38	('F', 'M')	(18, 20)	38	7.50e+01	5.80e+01		3.40e+01	1.10e+01		yr	Y	38																										('renal disease (moderate)', 't2dm')	(11, 38)	(None, '8.10e+00')	(None, '3.90e+00')	(None, 'year')																											(38, 38)	('1.73e+00', '3.32e-04')		('6.25e-01', '7.10e-05')	('glucose', 'fructosamine')	('gram / liter', 'mole / liter')																			(11, 11)	('3.47e+01', '3.06e+00')	(None, '2.76e+00')	('1.73e+01', '2.40e+00')	('creatinine', 'creatinine')	('milliliter / meter ** 2 / minute', 'liter / hour')	38	8.07e+00	1.46e+00	percent																											
Chan1997	94	severe renal impairment	13	90.0	homo sapiens	38	N	38	('F', 'M')	(18, 20)	38	7.50e+01	5.80e+01		3.40e+01	1.10e+01		yr	Y	38																										('renal disease (end-stage)', 't2dm')	(13, 38)	(None, '8.10e+00')	(None, '3.90e+00')	(None, 'year')																											(38, 38)	('1.73e+00', '3.32e-04')		('6.25e-01', '7.10e-05')	('glucose', 'fructosamine')	('gram / liter', 'mole / liter')																			(13, 13)	('1.73e+01', '1.20e+00')	(None, '9.60e-01')	(None, '7.80e-01')	('creatinine', 'creatinine')	('milliliter / meter ** 2 / minute', 'liter / hour')	38	8.07e+00	1.46e+00	percent																											
Chen1996	95	all	10	None	homo sapiens	10	Y	10	('F', 'M')	(3, 7)	10	4.80e+01			2.30e+01			yr	Y	10	10	7.70e+01			5.90e+01			kilogram	N	10				10	3.00e+00	day	10	3.00e+00	day																																																																																																		
Chen1996	96	Group A,Group B	7	95.0	homo sapiens	10	Y	10	M	7	10	4.80e+01			2.30e+01			yr	Y	10	10	7.70e+01			5.90e+01			kilogram	N	10				10	3.00e+00	day	10	3.00e+00	day																																																																																																		
Chen1996	97	Group A,Group C	7	95.0	homo sapiens	10	Y	10	('F', 'M')	(3, 4)	10	4.80e+01			2.30e+01			yr	Y	10	10	7.70e+01			5.90e+01			kilogram	N	10				10	3.00e+00	day	10	3.00e+00	day																																																																																																		
Chen1996	98	Group A	4	96.0	homo sapiens	10	Y	10	M	4	10	4.80e+01			2.30e+01			yr	Y	10	10	7.70e+01			5.90e+01			kilogram	N	10				10	3.00e+00	day	10	3.00e+00	day																																																																																																		
Chen1996	99	Group B	3	96.0	homo sapiens	10	Y	10	M	3	10	4.80e+01			2.30e+01			yr	Y	10	10	7.70e+01			5.90e+01			kilogram	N	10				10	3.00e+00	day	10	3.00e+00	day																																																																																																		
Chen1996	100	Group C	3	97.0	homo sapiens	10	Y	10	F	3	10	4.80e+01			2.30e+01			yr	Y	10	10	7.70e+01			5.90e+01			kilogram	N	10				10	3.00e+00	day	10	3.00e+00	day																																																																																																		
Chiew2010	101	all	9	None	homo sapiens	9	Y	9	('F', 'M')	(1, 8)	9	4.60e+01	3.40e+01		2.70e+01			yr	Y	9	9	8.40e+01	7.31e+01		6.20e+01			kilogram			N	9										9	7.00e+00	paracetamol	day																																																																																												
Clements1976	102	all	4	None	homo sapiens	4	Y	4	M	4	4	3.70e+01			2.80e+01			yr	Y	4	4	8.00e+01			6.80e+01			kilogram																																																																																																													
Clements1978	103	all	8	None	homo sapiens	8	Y	8	M	8	8	3.90e+01			2.60e+01			yr	Y	8																																																																																																																					
Clements1978	104	meperidine study	4	103.0	homo sapiens	8	Y	8	M	8	8	3.90e+01			2.60e+01			yr	Y	8																																																																																																																					
Clements1978	105	pentazocine study	4	103.0	homo sapiens	8	Y	8	M	8	8	3.90e+01			2.60e+01			yr	Y	8																																																																																																																					
Clements1978	106	pentazocine, naloxone study	4	103.0	homo sapiens	8	Y	8	M	8	8	3.90e+01			2.60e+01			yr	Y	8																																																																																																																					
Clements1984	107	all	5	None	homo sapiens	5	Y	5	M	5	5	3.90e+01	3.34e+01		2.90e+01			yr	Y	5	5	8.30e+01	7.24e+01		6.60e+01			kilogram																																																																																																													
Critchley2005	108	all	20	None	homo sapiens	20	Y	20			20	4.40e+01			2.10e+01			yr	Y	20																																																																																																																					
Critchley2005	109	Caucasians	9	108.0	homo sapiens	20	Y	20	('F', 'M')	(3, 6)	9	4.40e+01	2.90e+01		2.10e+01			yr	Y	20	9	9.70e+01	6.80e+01		5.50e+01			kilogram												caucasian	9																	9	1.87e+00	1.75e+00	1.66e+00		meter																																																																										
Critchley2005	110	Chinese	11	108.0	homo sapiens	20	Y	20	('M', 'F')	(5, 6)	11	3.20e+01	2.40e+01		2.10e+01			yr	Y	20	11	7.10e+01	5.70e+01		4.60e+01			kilogram												chinese	11																	11	1.78e+00	1.63e+00	1.54e+00		meter																																																																										
Davis1976	112	all	33	None	homo sapiens	33			('M', 'F')	(16, 17)																																													('normal', 'normal')	(33, 33)	('creatinine', 'urea')																																																																																
Davis1976	113	patients	30	112.0	homo sapiens	33			('M', 'F')	(13, 17)																																													('normal', 'normal')	(33, 33)	('urea', 'creatinine')																																																																																
Davis1976	114	minimal liver damage	9	113.0	homo sapiens	33			('M', 'F')	(13, 17)																																				liver disease (minimal)	9								('normal', 'normal')	(33, 33)	('urea', 'creatinine')																																																																																
Davis1976	115	mild liver damage	8	113.0	homo sapiens	33			('M', 'F')	(13, 17)																																				liver disease (mild)	8								('normal', 'normal')	(33, 33)	('urea', 'creatinine')																																																																																
Davis1976	116	moderate liver damage	6	113.0	homo sapiens	33			('M', 'F')	(13, 17)																																				liver disease (moderate)	6								('normal', 'normal')	(33, 33)	('urea', 'creatinine')																																																																																
Davis1976	117	liver failure	7	113.0	homo sapiens	33			('M', 'F')	(13, 17)																																				liver disease (severe)	7								('normal', 'normal')	(33, 33)	('urea', 'creatinine')																																																																																
Davis1976	118	volunteers	3	112.0	homo sapiens	33	Y	3	M	3																																													('normal', 'normal')	(33, 33)	('urea', 'creatinine')																																																																																
Depre1992	119	all	18	None	homo sapiens	18	Y	18	M	18									Y	18																																																																																																																					
Depre1992	120	study one	12	119.0	homo sapiens	18	Y	18	M	18	12	2.50e+01			2.10e+01			yr	Y	18	12	8.30e+01			6.30e+01			kilogram	N	12																																																																																																											
Depre1992	121	study two	6	119.0	homo sapiens	18	Y	18	M	18	6	2.40e+01			2.20e+01			yr	Y	18	6	8.40e+01			6.30e+01			kilogram																																																																																																													
Divoll1982	122	all	28	None	homo sapiens	28			('F', 'M')	(14, 14)	28	7.80e+01			2.20e+01			yr	Y	28																																																																																																																					
Divoll1982	123	young subjects	16	122.0	homo sapiens	28	Y	16	('M', 'F')	(8, 8)	16	3.90e+01	2.84e+01		2.20e+01			yr	Y	28	16	8.64e+01			4.74e+01			kilogram			N	16																					young	16																																																																																			
Divoll1982	124	elderly subjects	12	122.0	homo sapiens	28	Y	12	('M', 'F')	(6, 6)	12	7.80e+01	7.07e+01		6.10e+01			yr	Y	28	12	9.09e+01			4.55e+01			kilogram			('Y', 'N')	(3, 9)																					elder	12																																																																																			
Divoll1982	125	young women	8	123.0	homo sapiens	28	Y	16	F	8	16	3.90e+01	2.84e+01		2.20e+01			yr	Y	28	16	8.64e+01			4.74e+01			kilogram			N	16																					young	16																																																																																			
Divoll1982	126	young men	8	123.0	homo sapiens	28	Y	16	M	8	8		2.84e+01					yr	Y	28	16	8.64e+01			4.74e+01			kilogram			N	16																					young	16																																																																																			
Divoll1982	127	elderly women	6	124.0	homo sapiens	28	Y	12	F	6	12	7.80e+01	7.07e+01		6.10e+01			yr	Y	28	12	9.09e+01			4.55e+01			kilogram			('Y', 'N')	(3, 9)																					elder	12																																																																																			
Divoll1982	128	elderly men	6	124.0	homo sapiens	28	Y	12	M	6	6		7.07e+01					yr	Y	28	12	9.09e+01			4.55e+01			kilogram			('Y', 'N')	(3, 9)																					elder	12																																																																																			
Divoll1982b	129	all	24	None	homo sapiens	24	Y	24	('F', 'M')	(12, 12)	24	7.80e+01			2.20e+01			yr	Y	24											('Y', 'N')	(3, 19)																																																																																																									
Divoll1982b	130	young	12	129.0	homo sapiens	24	Y	24	('M', 'F')	(6, 6)	24	7.80e+01			2.20e+01			yr	Y	24											N	12																																																																																																									
Divoll1982b	131	elderly	12	129.0	homo sapiens	24	Y	24	('M', 'F')	(6, 6)	24	7.80e+01			2.20e+01			yr	Y	24											('Y', 'N')	(3, 9)																																																																																																									
Divoll1982c	132	all	32	None	homo sapiens	32	Y	32	('F', 'M')	(16, 16)	32	7.80e+01			2.30e+01			yr																																																																																																																							
Divoll1982c	133	young men	8	132.0	homo sapiens	32	Y	32	M	8	8	3.70e+01	3.08e+01		2.40e+01			yr			8	7.27e+01	6.82e+01		5.91e+01			kilogram	('Y', 'N')	(1, 7)	N	8																																																																																																									
Divoll1982c	134	young women	8	132.0	homo sapiens	32	Y	32	F	8	8	3.30e+01	2.73e+01		2.30e+01			yr			8	6.59e+01	5.42e+01		4.77e+01			kilogram	('Y', 'N')	(4, 4)	N	8																																																																																																									
Divoll1982c	135	elderly men	8	132.0	homo sapiens	32	Y	32	M	8	8	7.70e+01	7.03e+01		6.10e+01			yr			8	9.09e+01	7.91e+01		6.45e+01			kilogram	('Y', 'N')	(0, 8)																																																																																																											
Divoll1982c	136	elderly women	8	132.0	homo sapiens	32	Y	32	F	8	8	7.80e+01	6.91e+01		6.40e+01			yr			8	8.18e+01	6.01e+01		4.55e+01			kilogram	('Y', 'N')	(4, 4)																																																																																																											
Douglas1996	137	all	14	None	homo sapiens	14	Y	14	('F', 'M')	(7, 7)	14	4.00e+01	2.60e+01		2.20e+01			yr	Y	14	14	1.05e+02	6.78e+01		5.60e+01			kilogram						14	1.00e+00	day	14	1.00e+00	day			(14, 14, 14, 14)	('1.00e+00', '1.00e+00', '1.00e+00', '1.00e+00')	('phenobarbital', 'isoniazid', 'cimetidine', 'carbamazepine')	('day', 'day', 'day', 'day')																							14	2.50e-01	day																																																																			
Farkas2007	2	all	13	None	homo sapiens	13	Y	13	M	13	13		3.50e+01			8.00e+00		yr			13		8.10e+01			1.00e+01		kilogram	N	13	N	13								('asian', 'hispanic', 'african american', 'caucasian')	(1, 1, 2, 9)																																																																																																
Forrest1979	138	all	23	None	homo sapiens	23													Y	23																																																																																																																					
Forrest1979	139	patients	15	138.0	homo sapiens	23	N	15											Y	23	15	7.70e+01	6.18e+01		4.50e+01			kilogram																																																																																																													
Forrest1979	140	mild liver disease	8	139.0	homo sapiens	23	N	15											Y	23	15	7.70e+01	6.18e+01		4.50e+01			kilogram																																																																																																													
Forrest1979	141	severe liver disease	7	139.0	homo sapiens	23	N	15											Y	23	15	7.70e+01	6.18e+01		4.50e+01			kilogram																																																																																																													
Forrest1979	142	control	8	138.0	homo sapiens	23	Y	8	M	8	8	3.40e+01			2.10e+01			yr	Y	23	8	7.50e+01			6.20e+01			kilogram																																																																																																													
Fulton1979	143	all	23	None	homo sapiens	23																																																	('normal', 'normal', 'normal', 'normal')	(23, 23, 23, 23)	('alp', 'ast', 'albumin', 'bilirubin')																																				normal	23																																											
Fulton1979	144	young	11	143.0	homo sapiens	23					11		2.39e+01				1.20e+00	yr																																					('normal', 'normal', 'normal', 'normal')	(23, 23, 23, 23)	('alp', 'bilirubin', 'albumin', 'ast')																																				normal	23																																											
Fulton1979	145	elderly	12	143.0	homo sapiens	23					12		7.58e+01				1.60e+00	yr																																					('normal', 'normal', 'normal', 'normal')	(23, 23, 23, 23)	('alp', 'bilirubin', 'albumin', 'ast')																																				normal	23																																											
Ganetsky2013	146	all	15	None			Y	15	('F', 'M')	(5, 10)	15	4.00e+01	2.80e+01		1.80e+01			yr			15	1.28e+02	8.20e+01		6.00e+01			kilogram									15	2.00e+00	day			15	2.00e+00	paracetamol	day																					normal	15	15	4.17e-02	day																																																																			
Glynn1973	147	all	8	None	homo sapiens	8	Y	8	M	8	8	3.00e+01			2.00e+01			yr	Y	8	8	7.50e+01			6.50e+01			kilogram						8	2.00e+00	day	8	2.00e+00	day																																																																																																		
Gorski2003	3	all	52	None	homo sapiens	52																							N	52							52	7.00e+00	day			52	7.00e+00	grapefruit juice	day																																																																																												
Gorski2003	4	young	28	3.0	homo sapiens	52	Y	28	('F', 'M')	(14, 14)																			N	52	N	28					52	7.00e+00	day			52	7.00e+00	grapefruit juice	day								young	28																																																																																			
Gorski2003	5	young_women	14	4.0	homo sapiens	52	Y	28	F	14											14		6.60e+01			1.15e+01		kilogram	N	52	N	28					52	7.00e+00	day			52	7.00e+00	grapefruit juice	day						('Y', 'N')	(7, 7)	young	28																																																																																			
Gorski2003	6	young_men	14	4.0	homo sapiens	52	Y	28	M	14											14		8.03e+01			8.90e+00		kilogram	N	52	N	28					52	7.00e+00	day			52	7.00e+00	grapefruit juice	day								young	28																																																																																			
Gorski2003	7	elder	24	3.0	homo sapiens	52			('M', 'F')	(10, 14)																			N	52							52	7.00e+00	day			52	7.00e+00	grapefruit juice	day								elder	24																																																																																			
Gorski2003	8	elder_women	14	7.0	homo sapiens	52			F	14											14		6.83e+01			6.90e+00		kilogram	N	52							52	7.00e+00	day			52	7.00e+00	grapefruit juice	day								elder	24																																																																																			
Gorski2003	9	elder_men	10	7.0	homo sapiens	52			M	10											10		9.23e+01			1.51e+01		kilogram	N	52							52	7.00e+00	day			52	7.00e+00	grapefruit juice	day								elder	24																																																																																			
Grattan2000	148	all	15	None	homo sapiens	15	Y	15	M	15	15	5.00e+01			1.80e+01			yr	Y	15									N	15																																									15	3.00e+01		1.90e+01		kilogram / meter ** 2																																																													
Greenblatt1986	10	all	14	None	homo sapiens	14	Y	14																							N	14																																																																																																									
Greenblatt1986	11	iv	8	10.0	homo sapiens	14	Y	14	('F', 'M')	(3, 5)	8	4.60e+01			2.20e+01			yr													N	14																																																																																																									
Greenblatt1986	12	oral	6	10.0	homo sapiens	14	Y	14	M	6																					N	14																																				6	3.33e-01	day																																																																			
Greenblatt2003	13	all	25	None	homo sapiens	25	Y	25	('F', 'M')	(4, 21)	25	4.60e+01	3.30e+01		2.00e+01			yr											N	25	N	25										25	7.00e+00	grapefruit juice	day																																																																																												
Greenblatt2003	14	grp134	7	13.0	homo sapiens	25	Y	25	('F', 'M')	(4, 21)	25	4.60e+01	3.30e+01		2.00e+01			yr											N	25	N	25										25	7.00e+00	grapefruit juice	day																																																																																												
Greenblatt2003	15	grp135	9	13.0	homo sapiens	25	Y	25	('F', 'M')	(4, 21)	25	4.60e+01	3.30e+01		2.00e+01			yr											N	25	N	25										25	7.00e+00	grapefruit juice	day																																																																																												
Greenblatt2003	16	grp136	7	13.0	homo sapiens	25	Y	25	('F', 'M')	(4, 21)	25	4.60e+01	3.30e+01		2.00e+01			yr											N	25	N	25										25	7.00e+00	grapefruit juice	day																																																																																												
Gwilt1963	149	all	74	None	homo sapiens	74																												74	4.17e-02	day																																																																																																					
Gwilt1963	150	panel1	20	149.0	homo sapiens	74																												74	4.17e-02	day																																																																																																					
Gwilt1963	151	panel4	54	149.0	homo sapiens	74					54	5.00e+01			2.00e+01			yr			54	9.50e+01			4.40e+01			kilogram						74	4.17e-02	day																																																																																																					
Heading1973	152	all	14	None	homo sapiens	14	N	14			14	7.70e+01	6.00e+01		3.80e+01			yr	Y	14											N	14																																																																																																									
Heading1973	153	decreased gastric emptying	5	152.0	homo sapiens	14	N	14			14	7.70e+01	6.00e+01		3.80e+01			yr	Y	14											N	14																																																																																																									
Heading1973	154	normal gastric emptying	9	152.0	homo sapiens	14	N	14			14	7.70e+01	6.00e+01		3.80e+01			yr	Y	14											N	14																																																																																																									
Heizmann1983	17	all	6	None	homo sapiens	6	Y	6			6	2.70e+01			2.20e+01			yr	Y	6	6	7.70e+01			5.50e+01			kilogram						6	1.40e+01	day																												N	6																																																																								
Heizmann1983	18	po10	4	17.0	homo sapiens	6	Y	6			6	2.70e+01			2.20e+01			yr	Y	6	6	7.70e+01			5.50e+01			kilogram						6	1.40e+01	day																												N	6																																																																								
Heizmann1983	19	po40	2	17.0	homo sapiens	6	Y	6			6	2.70e+01			2.20e+01			yr	Y	6	6	7.70e+01			5.50e+01			kilogram						6	1.40e+01	day																												N	6																																																																								
Iqbal1995	155	all	10	None	homo sapiens	10	Y	10	M	10	10	3.20e+01			2.20e+01			yr	Y	10	10	7.00e+01			5.00e+01			kilogram						10	7.00e+00	day																																																																																																					
Itoh2000	156	all	5	None	homo sapiens	5	Y	5	M	5	5	2.80e+01		2.60e+01	2.30e+01			yr	Y	5	5	6.80e+01		6.30e+01	5.30e+01			kilogram			N	5		5	7.00e+00	day																																5	5.00e-01	day																																																																		daytime	5
Itoh2001	157	all	5	None	homo sapiens	5	Y	5	M	5	5	2.80e+01		2.60e+01	2.30e+01			yr	Y	5	5	6.80e+01		6.30e+01	5.30e+01			kilogram						5	7.00e+00	day																																																																																																					
Itoh2002	158	all	5	None	homo sapiens	5	Y	5	M	5	5	2.90e+01		2.60e+01	2.30e+01			yr	Y	5	5	6.80e+01		6.20e+01	5.50e+01			kilogram						5	7.00e+00	day				japanese	5																											5	5.00e-01	day																																																																			
Jack1985	159	all	8	None	homo sapiens	8			M	8																																																																																																																															
Jensen2004	160	all	6	None	homo sapiens	6	Y	6																																																																																																																																	
Kamali1987	161	all	13	None	homo sapiens	13	Y	13																										13	3.00e+00	day	13	3.00e+00	day																																																																																																		
Kamali1987	162	urine study	6	161.0	homo sapiens	13	Y	13	('F', 'M')	(1, 5)	6	2.20e+01			1.90e+01			yr	N	6														13	3.00e+00	day	13	3.00e+00	day																																																																																																		
Kamali1987	163	saliva study	7	161.0	homo sapiens	13	Y	13	('F', 'M')	(1, 6)	7	2.20e+01			1.90e+01			yr	N	7														13	3.00e+00	day	13	3.00e+00	day																																																																																																		
Kamali1987	164	iv study	6	161.0	homo sapiens	13	Y	13	M	6	6	2.30e+01			2.00e+01			yr	NR	6														13	3.00e+00	day	13	3.00e+00	day																																																																																																		
Kamali1992	165	all	8	None	homo sapiens	8	Y	8	M	8	8	2.50e+01			1.90e+01			yr	Y	8																																																																																																																					
Kamali1993	166	all	10	None	homo sapiens	10	Y	10	('F', 'M')	(5, 5)	10	2.90e+01			2.00e+01			yr	Y	10	10	8.35e+01			5.65e+01			kilogram																																																																																																													
Kamali1993a	167	all	19	None	homo sapiens	19																							N	19																																																																																																											
Kamali1993a	168	control	9	167.0	homo sapiens	19	Y	9																					N	19	N	9																																																																																																									
Kamali1993a	169	patients	10	167.0	homo sapiens	19	N	10																					N	19																t2dm	10																																																																																										
Kietzmann1990	170	all	13	None	homo sapiens	13	N	13																							Y	13																																																																																																									
Kietzmann1990	171	normal renal function	7	170.0	homo sapiens	13	N	13			7	6.80e+01			2.30e+01			yr			7	9.30e+01			5.10e+01			kilogram			Y	13																																																																					7			3.60e+00	creatinine	liter / hour																															
Kietzmann1990	172	reduced renal function	6	170.0	homo sapiens	13	N	13			6	7.50e+01			2.00e+01			yr			6	8.20e+01			4.70e+01			kilogram			Y	13																																																																					6	3.60e+00			creatinine	liter / hour																															
Kim2011	173	all	12	None	homo sapiens	12	N	12	('F', 'M')	(4, 8)	12	6.80e+01	4.40e+01		2.70e+01	1.20e+01		yr			12	1.05e+02	7.00e+01		5.10e+01	1.50e+01		kilogram												korean	12					chronic myelogenous leukemia	12																																																																																										
Klotz1982	22	all	6	None	homo sapiens	6	Y	6	M	6	6	3.80e+01			2.40e+01			yr													N	6																																N	6																																																																								
Kulo2014	174	all	73	None	homo sapiens	73	Y	73	F	73											73	1.10e+02		7.10e+01	4.92e+01			kilogram																																																																																			73	2.35e+00	1.82e+00	1.48e+00	meter ** 2																						
Kulo2014	175	at delivery	36	174.0	homo sapiens	73	Y	73	F	73											36	1.10e+02		7.80e+01	5.70e+01			kilogram																																																																																			36	2.35e+00	1.93e+00	1.54e+00	meter ** 2																pregnant (third trimester)	36					
Kulo2014	176	not pregnant	37	174.0	homo sapiens	73	Y	73	F	73											73	1.10e+02		7.10e+01	4.92e+01			kilogram																																																																																			73	2.35e+00	1.82e+00	1.48e+00	meter ** 2																						
Kulo2014	177	on OC	20	176.0	homo sapiens	73	Y	73	F	73											20	8.80e+01		5.90e+01	4.90e+01			kilogram																							Y	20																																																											20	2.00e+00	1.70e+00	1.48e+00	meter ** 2																						
Kulo2014	178	not on OC	17	176.0	homo sapiens	73	Y	73	F	73											17	7.80e+01		6.53e+01	5.22e+01			kilogram																							N	17																																																											17	1.95e+00	1.78e+00	1.51e+00	meter ** 2																						
Kupferschmidt1995	23	all	8	None	homo sapiens	8	Y	8	M	8	8		2.50e+01				1.00e+00	yr			8		7.00e+01				1.00e+00	kilogram									8	7.00e+00	day			(8, 8, 8)	('7.00e+00', '7.00e+00', '7.00e+00')	('grapefruit juice', 'nicotine', 'caffeine')	('day', 'day', 'day')																							8	4.17e-01	day																																																																			
Langford2016	179	all	21	None	homo sapiens	21																																																																																																																																			
Langford2016	180	1gIV	7	179.0	homo sapiens	21			('F', 'M')	(0, 7)	7		7.10e+01			9.00e+00		yr			7		7.70e+01			1.70e+01		kilogram																														7		1.73e+00		8.00e-03	meter																																																																										
Langford2016	181	1gPO	7	179.0	homo sapiens	21			('F', 'M')	(2, 5)	7		7.20e+01			7.00e+00		yr			7		6.85e+01			1.40e+01		kilogram																														7		1.69e+00		1.20e-02	meter																																																																										
Langford2016	182	1.5gPO	7	179.0	homo sapiens	21			('F', 'M')	(2, 5)	7		6.80e+01			9.00e+00		yr			7		9.80e+01			2.30e+01		kilogram																														7		1.72e+00		1.20e-02	meter																																																																										
Lau1994	183	all	6	None	homo sapiens	6	Y	6	('F', 'M')	(2, 4)	6	5.30e+01			2.30e+01			yr																																																																																																																							
Levy1971	187	all	3	None	homo sapiens	3	Y	3	M	3	3	3.60e+01			2.40e+01			yr	Y	3	3	8.50e+01			6.20e+01			kilogram																																																																																																													
Liukas2011	188	all	40	None	homo sapiens	40	Y	40			40	9.00e+01			2.00e+01			yr	Y	40									('Y', 'N')	(2, 38)	N	40								caucasian	40																														40	3.50e+01				kilogram / meter ** 2																																																													
Liukas2011	189	20-40	10	188.0	homo sapiens	40	Y	40	('F', 'M')	(3, 7)	10	4.00e+01	2.70e+01		2.00e+01	5.00e+00		yr	Y	40	10		8.10e+01			1.40e+01		kilogram	('Y', 'N')	(2, 38)	N	40								caucasian	40																	10		1.77e+00		1.00e-01	meter								10		2.57e+01		2.20e+00	kilogram / meter ** 2																																											10	6.24e+01	5.78e+00	milliliter / meter ** 2 / minute															
Liukas2011	190	60-70	10	188.0	homo sapiens	40	Y	40	('M', 'F')	(5, 5)	10	7.00e+01	6.60e+01		6.00e+01	3.00e+00		yr	Y	40	10		8.30e+01			9.00e+00		kilogram	('Y', 'N')	(2, 38)	N	40								caucasian	40																	10		1.69e+00		9.00e-02	meter								10		2.90e+01		1.50e+00	kilogram / meter ** 2																																											10	4.74e+01	9.25e+00	milliliter / meter ** 2 / minute															
Liukas2011	191	70-80	10	188.0	homo sapiens	40	Y	40	('F', 'M')	(4, 6)	10	8.00e+01	7.70e+01		7.00e+01	3.00e+00		yr	Y	40	10		8.20e+01			1.30e+01		kilogram	('Y', 'N')	(2, 38)	N	40								caucasian	40																	10		1.69e+00		1.00e-01	meter								10		2.89e+01		3.30e+00	kilogram / meter ** 2																																											10	4.39e+01	9.83e+00	milliliter / meter ** 2 / minute															
Liukas2011	192	80-90	10	188.0	homo sapiens	40	Y	40	('M', 'F')	(1, 9)	10	9.00e+01	8.40e+01		8.00e+01	3.00e+00		yr	Y	40	10		6.80e+01			8.00e+00		kilogram	('Y', 'N')	(2, 38)	N	40								caucasian	40																	10		1.60e+00		7.00e-02	meter								10		2.63e+01		2.20e+00	kilogram / meter ** 2																																											10	3.70e+01	1.10e+01	milliliter / meter ** 2 / minute															
Lowenthal1976	193	all	13	None	homo sapiens	13													Y	13																																																																																																																					
Lowenthal1976	194	surgically anephric patients	5	193.0	homo sapiens	13	N	5											Y	13																																																																																																																					
Lowenthal1976	195	physiologically anephric patients	5	193.0	homo sapiens	13	N	5											Y	13																																																																																																																					
Lowenthal1976	196	control	3	193.0	homo sapiens	13	Y	3											Y	13																																																																																																																					
Malan1985	197	all	6	None	homo sapiens	6			M	6									Y	6									N	6	N	6																																				6	3.33e-01	day																																																																			
Mandema1992	24	all	8	None	homo sapiens	8	Y	8	('F', 'M')	(4, 4)	8		2.20e+01			1.00e+00		yr	Y	8	8		6.90e+01			6.00e+00		kilogram	N	8							8	3.33e-01	day			8	3.33e-01	caffeine	day																																																																																												
McGilveray1972	198	all	8	None	homo sapiens	8			M	8																																																																																																																															
McGilveray1972	199	food study	4	198.0	homo sapiens	8			M	8									N	4	4	9.07e+01			6.80e+01			kilogram																																																																																																													
McGilveray1972	200	sleep study	4	198.0	homo sapiens	8			M	8											4	8.62e+01			6.80e+01			kilogram																																																																																																													
Miners1983	201	all	24	None	homo sapiens	24	Y	24	('M', 'F')	(8, 16)									Y	24									N	24				24	7.00e+00	day																																																																																																					
Miners1983	202	Males	8	201.0	homo sapiens	24	Y	24	M	8	8		2.48e+01			2.10e+00		yr	Y	24	8		7.38e+01			4.80e+00		kilogram	N	24				24	7.00e+00	day																																																																																																					
Miners1983	203	Females	8	201.0	homo sapiens	24	Y	24	F	8	8		2.25e+01			2.60e+00		yr	Y	24	8		6.49e+01			4.20e+00		kilogram	N	24				24	7.00e+00	day															N	8																																																																																					
Miners1983	204	OCS-Females	8	201.0	homo sapiens	24	Y	24	F	8	8		2.22e+01			1.30e+00		yr	Y	24	8		6.17e+01			4.00e+00		kilogram	N	24				24	7.00e+00	day															Y	8																																																																																					
Miners1984	205	all	18	None	homo sapiens	18	Y	18											Y	18																																																																																																																					
Miners1984	206	control	12	205.0	homo sapiens	18	Y	12	M	12									Y	18											N	12		12	7.00e+00	day																																																																																																					
Miners1984	207	nonsmokers	6	206.0	homo sapiens	18	Y	12	M	12	6		2.53e+01			2.20e+00		yr	Y	18	6		7.60e+01			2.50e+00		kilogram	N	6	N	12		12	7.00e+00	day																																																																																																					
Miners1984	208	smokers	6	206.0	homo sapiens	18	Y	12	M	12	6		2.58e+01			2.30e+00		yr	Y	18	6		7.30e+01			2.20e+00		kilogram	Y	6	N	12		12	7.00e+00	day																																																				6			1.50e+01	1 / day																																													
Miners1984	209	epileptic patients	6	205.0	homo sapiens	18	Y	18			6		2.60e+01				2.50e+00	yr	Y	18	6		7.37e+01				2.70e+00	kilogram	('Y', 'N')	(1, 5)	Y	6																																																																																																									
Miners1986	210	all	20	None	homo sapiens	20	Y	20	F	20									Y	20									N	20				20	7.00e+00	day																																																																																																					
Miners1986	211	pregnant	8	210.0	homo sapiens	20	Y	20	F	20	8	3.20e+01			2.60e+01			yr	Y	20	8	7.70e+01	6.80e+01		6.10e+01	5.00e+00		kilogram	N	20				20	7.00e+00	day																																																																																															pregnant (third trimester)	8					
Miners1986	212	control	12	210.0	homo sapiens	20	Y	20	F	20	12	3.10e+01			1.90e+01			yr	Y	20	12	7.20e+01	6.30e+01		5.40e+01	7.00e+00		kilogram	N	20				20	7.00e+00	day																																																																																																					
Miners1988	213	all	16	None	homo sapiens	16	Y	16	M	16									Y	16									N	16																																																																																																											
Miners1988	214	young subjects	8	213.0	homo sapiens	16	Y	8	M	16	8	2.60e+01	2.08e+01		1.80e+01	2.40e+00		yr	Y	16	8	8.20e+01	7.49e+01		6.90e+01	5.30e+00		kilogram	N	16				8	7.00e+00	day																	young	8	('normal', 'normal', 'normal', 'normal')	(8, 8, 8, 8)	('alt', 'albumin', 'bilirubin', 'creatinine')									normal	8																										normal	8																																											
Miners1988	215	elderly subjects	8	213.0	homo sapiens	16	Y	16	M	16	8	9.20e+01	7.93e+01		7.20e+01	7.20e+00		yr	Y	16	8	8.70e+01	7.72e+01		7.20e+01	3.00e+00		kilogram	N	16																							elder	8																																																																																			
Mitchell1983	216	all	14	None	homo sapiens	14	Y	14	F	14	14	3.40e+01			2.10e+01			yr	Y	14																																																																																																																					
Mitchell1983	217	control	7	216.0	homo sapiens	14	Y	14	F	14	14	3.40e+01			2.10e+01			yr	Y	14																															N	7																																																																																					
Mitchell1983	218	OC	7	216.0	homo sapiens	14	Y	14	F	14	14	3.40e+01			2.10e+01			yr	Y	14																															Y	7																																																																																					
Mucklow1980	219	all	114	None	homo sapiens	114	Y	114	('M', 'F')	(43, 71)	114	6.00e+01	3.36e+01		1.80e+01			yr													N	114					114	1.00e+00	day	('asian', 'caucasian')	(38, 76)	114	1.00e+00	analgesics	day																																																																																												
Mucklow1980	220	males	43	219.0	homo sapiens	114	Y	114	M	43	43	6.00e+01	3.51e+01		1.80e+01			yr													N	114					114	1.00e+00	day	('asian', 'caucasian')	(38, 76)	114	1.00e+00	analgesics	day																																																																																												
Mucklow1980	221	females	71	219.0	homo sapiens	114	Y	114	F	71	71	6.00e+01	3.28e+01		1.80e+01			yr													N	114					114	1.00e+00	day	('asian', 'caucasian')	(38, 76)	114	1.00e+00	analgesics	day																																																																																												
Mucklow1980	222	caucasians	76	219.0	homo sapiens	114	Y	114	('M', 'F')	(34, 42)	114	6.00e+01	3.36e+01		1.80e+01			yr											('Y', 'N')	(36, 40)	N	114					114	1.00e+00	day	caucasian	76	114	1.00e+00	analgesics	day																			('N', 'Y')	(17, 59)																																																																								
Mucklow1980	223	asians	38	219.0	homo sapiens	114	Y	114	('M', 'F')	(9, 29)	114	6.00e+01	3.36e+01		1.80e+01			yr											('Y', 'N')	(5, 33)	N	114					114	1.00e+00	day	asian	38	114	1.00e+00	analgesics	day																			('Y', 'N')	(4, 34)																																																																								
Mucklow1980	224	caucasian males	34	220.0	homo sapiens	114	Y	114	M	43	43	6.00e+01	3.51e+01		1.80e+01			yr			34		7.40e+01					kilogram	('Y', 'N')	(14, 20)	N	114					114	1.00e+00	day	caucasian	34	114	1.00e+00	analgesics	day													34		1.76e+00			meter	('N', 'Y')	(6, 28)						34		2.39e+01			kilogram / meter ** 2							34		1.20e+01		1 / day	34		2.09e+01		1 / day																																													
Mucklow1980	225	asian males	9	220.0	homo sapiens	114	Y	114	M	43	43	6.00e+01	3.51e+01		1.80e+01			yr			9		6.39e+01					kilogram	('Y', 'N')	(2, 7)	N	114					114	1.00e+00	day	asian	9	114	1.00e+00	analgesics	day													9		1.68e+00			meter	('Y', 'N')	(2, 7)						9		2.26e+01			kilogram / meter ** 2							9		6.50e+00		1 / day	9		1.00e+01		1 / day																																													
Mucklow1980	226	caucasian females	42	221.0	homo sapiens	114	Y	114	F	71	71	6.00e+01	3.28e+01		1.80e+01			yr			42		6.21e+01					kilogram	('N', 'Y')	(20, 22)	N	114					114	1.00e+00	day	caucasian	42	114	1.00e+00	analgesics	day						('Y', 'N')	(12, 30)						42		1.63e+00			meter	('N', 'Y')	(11, 31)						42		2.35e+01			kilogram / meter ** 2							42		7.50e+00		1 / day	42		3.10e+01		1 / day																																													
Mucklow1980	227	asian females	29	221.0	homo sapiens	114	Y	114	F	71	71	6.00e+01	3.28e+01		1.80e+01			yr			29		5.65e+01					kilogram	('Y', 'N')	(1, 28)	N	114					114	1.00e+00	day	asian	29	114	1.00e+00	analgesics	day						('Y', 'N')	(2, 27)						29		1.57e+00			meter	('N', 'Y')	(0, 3)						29		2.28e+01			kilogram / meter ** 2							29		2.00e+00		1 / day	29		0.00e+00		1 / day																																													
Mucklow1980	228	18-30	51	219.0	homo sapiens	114	Y	114	('M', 'F')	(20, 31)	51	3.00e+01			1.80e+01			yr													N	114					114	1.00e+00	day	('asian', 'caucasian')	(38, 76)	114	1.00e+00	analgesics	day																																																																																												
Mucklow1980	229	31-40	28	219.0	homo sapiens	114	Y	114	('M', 'F')	(7, 21)	28	4.00e+01			3.10e+01			yr													N	114					114	1.00e+00	day	('asian', 'caucasian')	(38, 76)	114	1.00e+00	analgesics	day																																																																																												
Mucklow1980	230	41-50	24	219.0	homo sapiens	114	Y	114	('M', 'F')	(12, 12)	24	5.00e+01			4.10e+01			yr													N	114					114	1.00e+00	day	('asian', 'caucasian')	(38, 76)	114	1.00e+00	analgesics	day																																																																																												
Mucklow1980	231	51-60	11	219.0	homo sapiens	114	Y	114	('M', 'F')	(4, 7)	11	6.00e+01			5.10e+01			yr													N	114					114	1.00e+00	day	('asian', 'caucasian')	(38, 76)	114	1.00e+00	analgesics	day																																																																																												
Mucklow1980	232	no alcohol	50	219.0	homo sapiens	114	Y	114	('M', 'F')	(43, 71)	114	6.00e+01	3.36e+01		1.80e+01			yr													N	114					114	1.00e+00	day	('asian', 'caucasian')	(38, 76)	114	1.00e+00	analgesics	day																																						50	0.00e+00			1 / day																																																		
Mucklow1980	233	low alcohol	31	219.0	homo sapiens	114	Y	114	('M', 'F')	(43, 71)	114	6.00e+01	3.36e+01		1.80e+01			yr													N	114					114	1.00e+00	day	('asian', 'caucasian')	(38, 76)	114	1.00e+00	analgesics	day																																						31	7.14e-01		1.43e-01	1 / day																																																		
Mucklow1980	234	medium alcohol	11	219.0	homo sapiens	114	Y	114	('M', 'F')	(43, 71)	114	6.00e+01	3.36e+01		1.80e+01			yr													N	114					114	1.00e+00	day	('asian', 'caucasian')	(38, 76)	114	1.00e+00	analgesics	day																																						11	1.43e+00		8.57e-01	1 / day																																																		
Mucklow1980	235	high alcohol	17	219.0	homo sapiens	114	Y	114	('M', 'F')	(43, 71)	114	6.00e+01	3.36e+01		1.80e+01			yr													N	114					114	1.00e+00	day	('asian', 'caucasian')	(38, 76)	114	1.00e+00	analgesics	day																																						17	2.86e+00		1.57e+00	1 / day																																																		
Mucklow1980	236	very high alcohol	5	219.0	homo sapiens	114	Y	114	('M', 'F')	(43, 71)	114	6.00e+01	3.36e+01		1.80e+01			yr													N	114					114	1.00e+00	day	('asian', 'caucasian')	(38, 76)	114	1.00e+00	analgesics	day																																						5	5.71e+00		3.00e+00	1 / day																																																		
Mucklow1980	237	no smoking	75	219.0	homo sapiens	114	Y	114	('M', 'F')	(43, 71)	114	6.00e+01	3.36e+01		1.80e+01			yr													N	114					114	1.00e+00	day	('asian', 'caucasian')	(38, 76)	114	1.00e+00	analgesics	day																																											75	0.00e+00			1 / day																																													
Mucklow1980	238	low smoking	10	219.0	homo sapiens	114	Y	114	('M', 'F')	(43, 71)	114	6.00e+01	3.36e+01		1.80e+01			yr													N	114					114	1.00e+00	day	('asian', 'caucasian')	(38, 76)	114	1.00e+00	analgesics	day																																											10	1.00e+01		1.00e+00	1 / day																																													
Mucklow1980	239	medium smoking	14	219.0	homo sapiens	114	Y	114	('M', 'F')	(43, 71)	114	6.00e+01	3.36e+01		1.80e+01			yr													N	114					114	1.00e+00	day	('asian', 'caucasian')	(38, 76)	114	1.00e+00	analgesics	day																																											14	2.00e+01		1.10e+01	1 / day																																													
Mucklow1980	240	high smoking	15	219.0	homo sapiens	114	Y	114	('M', 'F')	(43, 71)	114	6.00e+01	3.36e+01		1.80e+01			yr													N	114					114	1.00e+00	day	('asian', 'caucasian')	(38, 76)	114	1.00e+00	analgesics	day																																											15	4.00e+01		2.10e+01	1 / day																																													
Mucklow1980	241	on OC	14	221.0	homo sapiens	114	Y	114	F	71	71	6.00e+01	3.28e+01		1.80e+01			yr													N	114					114	1.00e+00	day	('asian', 'caucasian')	(38, 76)	114	1.00e+00	analgesics	day						Y	14																																																																																					
Mucklow1980	242	not on OC	57	221.0	homo sapiens	114	Y	114	F	71	71	6.00e+01	3.28e+01		1.80e+01			yr													N	114					114	1.00e+00	day	('asian', 'caucasian')	(38, 76)	114	1.00e+00	analgesics	day						N	57																																																																																					
Nelson1963	243	all	5	None	homo sapiens	5	Y	5											Y	5																																																																																																																					
Ochs1984	244	all	31	None	homo sapiens	31	Y	31	('M', 'F')	(6, 26)																																																																																																																															
Ochs1984	245	INH study	11	244.0	homo sapiens	31	Y	31	('F', 'M')	(5, 6)	11	3.50e+01			2.00e+01			yr													N	11																																																																																																									
Ochs1984	246	OC study on OC	10	244.0	homo sapiens	31	Y	31	F	10	10	3.00e+01	2.40e+01		2.10e+01		1.00e+00	yr			10		6.20e+01				2.50e+00	kilogram																							Y	10																																																																																					
Ochs1984	247	OC study control	10	244.0	homo sapiens	31	Y	31	F	10	10		2.40e+01				6.00e-01	yr			10		5.40e+01				2.10e+00	kilogram			N	10																			N	10																																																																																					
Osborne1991	248	all	24	None	homo sapiens	24	Y	24	M	24									('Y', 'Y')	(24, 24)									N	24				24	7.00e+00	day																																																																																																					
Osborne1991	249	caucasian	12	248.0	homo sapiens	24	Y	24	M	24	12	3.20e+01	2.50e+01		2.00e+01	4.00e+00		yr	('Y', 'Y')	(24, 24)	12	8.80e+01	7.70e+01		6.70e+01	6.00e+00		kilogram	N	24				24	7.00e+00	day				caucasian	12																																																																																																
Osborne1991	250	chinese	12	248.0	homo sapiens	24	Y	24	M	24	12	3.10e+01	2.40e+01		1.80e+01	4.00e+00		yr	('Y', 'Y')	(24, 24)	12	8.00e+01	6.80e+01		5.60e+01	6.00e+00		kilogram	N	24				24	7.00e+00	day				chinese	12																																																																																																
Paintaud1998	251	all	15	None	homo sapiens	15	Y	15	('F', 'M')	(1, 14)	15	5.10e+01	3.70e+01		2.00e+01			yr	Y	15	15	1.00e+02	7.70e+01		6.00e+01			kilogram	N	15				15	7.00e+00	day																						15	1.96e+00	1.77e+00	1.68e+00		meter																																																																										
Pentikaeinen1989	25	all	14	None	homo sapiens	14			M	14									Y	14																	14	7.00e+00	day																																																																																								supine	14									
Pentikaeinen1989	26	control	7	25.0	homo sapiens	14	Y	7	M	14	7		4.43e+01			9.50e+00		yr	Y	14	7		7.94e+01			1.51e+01		kilogram	('N', 'Y')	(2, 5)	N	7					14	7.00e+00	day																																																																																								supine	14									
Pentikaeinen1989	27	patients	7	25.0	homo sapiens	14	N	7	M	14	7		4.80e+01			1.39e+01		yr	Y	14	7		8.51e+01			1.22e+01		kilogram	('N', 'Y')	(2, 5)	('N', 'Y')	(2, 5)					14	7.00e+00	day							liver disease	7																																																																																supine	14									
Perucca1979	252	all	12	None	homo sapiens	12	Y	12			12	4.20e+01			1.90e+01			yr	Y	12																																																																																																																					
Perucca1979	253	control	6	252.0	homo sapiens	12	Y	6			12	4.20e+01			1.90e+01			yr	Y	12											N	6		6	1.83e+02	day																																																																																																					
Perucca1979	254	epileptic	6	252.0	homo sapiens	12	N	6			12	4.20e+01			1.90e+01			yr	Y	12											Y	6														epilepsy	6																																																																																										
Prescott1968	255	all	17	None	homo sapiens	17	Y	17																										17	4.20e+01	day																																																																																																					
Prescott1968	256	paracetamol study	8	255.0	homo sapiens	17	Y	17																										17	4.20e+01	day																																																																																																					
Prescott1968	257	phenacetin study	9	255.0	homo sapiens	17	Y	17																										17	4.20e+01	day																																																																																																					
Prescott1973	258	all	41	None	homo sapiens	41			('M', 'F')	(11, 30)	41	7.20e+01	3.20e+01		1.60e+01			yr	Y	41									N	41				41	7.00e+00	day																																																																																																					
Prescott1973	259	liver damage	23	258.0	homo sapiens	41			('M', 'F')	(11, 30)	41	7.20e+01	3.20e+01		1.60e+01			yr	Y	41									N	41				41	7.00e+00	day										liver damage	23																																																																																										
Prescott1973	260	no liver damage	18	258.0	homo sapiens	41			('M', 'F')	(11, 30)	41	7.20e+01	3.20e+01		1.60e+01			yr	Y	41									N	41				41	7.00e+00	day																																																																																																					
Prescott1973	261	subset Fig1: no liver damage	9	260.0	homo sapiens	41			('M', 'F')	(11, 30)	41	7.20e+01	3.20e+01		1.60e+01			yr	Y	41									N	41				41	7.00e+00	day																																																																																																					
Prescott1973	262	subset Fig1: liver damage	9	259.0	homo sapiens	41			('M', 'F')	(11, 30)	41	7.20e+01	3.20e+01		1.60e+01			yr	Y	41									N	41				41	7.00e+00	day										liver damage	23																																																																																										
Prescott1973	263	subset Fig2: no liver damage	9	260.0	homo sapiens	41			('M', 'F')	(11, 30)	41	7.20e+01	3.20e+01		1.60e+01			yr	Y	41									N	41				41	7.00e+00	day																																																																																																					
Prescott1973	264	subset Fig2: liver damage	8	259.0	homo sapiens	41			('M', 'F')	(11, 30)	41	7.20e+01	3.20e+01		1.60e+01			yr	Y	41									N	41				41	7.00e+00	day										liver damage	23																																																																																										
Prescott1973	265	subset Fig3: no liver damage	4	260.0	homo sapiens	41			('M', 'F')	(11, 30)	41	7.20e+01	3.20e+01		1.60e+01			yr	Y	41									N	41				41	7.00e+00	day																																																																																																					
Prescott1973	266	subset Fig3: liver damage	5	259.0	homo sapiens	41			('M', 'F')	(11, 30)	41	7.20e+01	3.20e+01		1.60e+01			yr	Y	41									N	41				41	7.00e+00	day										liver damage	23																																																																																										
Prescott1973	267	subset Tab3: no liver damage	4	260.0	homo sapiens	41			('M', 'F')	(11, 30)	41	7.20e+01	3.20e+01		1.60e+01			yr	Y	41									N	41				41	7.00e+00	day																																																																																																					
Prescott1973	268	subset Tab3: liver damage	4	259.0	homo sapiens	41			('M', 'F')	(11, 30)	41	7.20e+01	3.20e+01		1.60e+01			yr	Y	41									N	41				41	7.00e+00	day										liver damage	23																																																																																										
Prescott1973	269	subset Tab3: liver damage and renal failure	4	259.0	homo sapiens	41			('M', 'F')	(11, 30)	41	7.20e+01	3.20e+01		1.60e+01			yr	Y	41									N	41				41	7.00e+00	day										('renal disease (end-stage)', 'liver damage')	(4, 23)																																																																																										
Prescott1981	270	all	27	None	homo sapiens	27																																																																																																																																			
Prescott1981	271	patients	15	270.0	homo sapiens	15			('F', 'M')	(3, 12)	15	7.20e+01	4.10e+01		2.20e+01			yr			15	9.90e+01	7.10e+01		5.30e+01			kilogram			('N', 'Y')	(3, 12)	('anticonvulsants', 'anticonvulsants')																																																																																																Y	15							
Prescott1981	272	volunteers	12	270.0	homo sapiens	12			('F', 'M')	(1, 11)	12	4.50e+01	3.10e+01		2.10e+01			yr			12	8.20e+01	6.70e+01		5.50e+01			kilogram			N	12																																																																																																									
Prescott1989	273	all	23	None	homo sapiens	23													Y	23																																																																																																																					
Prescott1989	274	control	10	273.0	homo sapiens	23	Y	10	M	10	10		2.90e+01			7.00e+00		yr	Y	23	10		7.20e+01			1.10e+01		kilogram	N	10	N	10																							('normal', 'normal', 'normal')	(10, 10, 10)	('urea', 'creatinine', 'haemoglobin')									normal	10																																																																						
Prescott1989	275	patients	13	273.0	homo sapiens	23	N	13	('F', 'M')	(2, 11)	13		5.30e+01			1.10e+01		yr	Y	23	13		7.40e+01			8.00e+00		kilogram																		renal disease	13																																																																																										
Prescott1989	276	chronic renal failure	7	275.0	homo sapiens	23	N	13	('F', 'M')	(2, 11)	13		5.30e+01			1.10e+01		yr	Y	23	13		7.40e+01			8.00e+00		kilogram																		('renal disease (moderate)', 'renal disease')	(7, 13)																																																																																										
Prescott1989	277	end stage renal failure	6	275.0	homo sapiens	23	N	6	('F', 'M')	(2, 11)	13		5.30e+01			1.10e+01		yr	Y	23	13		7.40e+01			8.00e+00		kilogram																		('renal disease (end-stage)', 'renal disease')	(6, 13)																																																																																										
Rashid1990	278	all	12	None	homo sapiens	12	Y	12	M	12									Y	12																	12	2.00e+00	day			12		paracetamol																																																																								12	5.48e-03	yr																			
Rashid1990	279	young	7	278.0	homo sapiens	12	Y	12	M	12	7	3.00e+01	2.30e+01		2.00e+01		1.30e+00	yr	Y	12																	12	2.00e+00	day			12		paracetamol																																																																								12	5.48e-03	yr																			
Rashid1990	280	elderly	5	278.0	homo sapiens	12	Y	12	M	12	5	7.60e+01	7.00e+01		6.40e+01		1.60e+00	yr	Y	12																	12	2.00e+00	day			12		paracetamol																																																																								12	5.48e-03	yr																			
Rawlins1977	281	all	6	None	homo sapiens	6	Y	6	M	6											6	7.20e+01			6.50e+01			kilogram			N	6																																																																																																									
Ray1985	282	all	12	None	homo sapiens	12			M	12									Y	12									N	12				12	2.80e+01	day	12	2.80e+01	day																											normal	12																										normal	12																																											
Ray1985	283	patients	7	282.0	homo sapiens	12	N	7	M	12	7		2.90e+01				2.48e+00	yr	Y	12	7		5.70e+01				2.00e+00	kilogram	N	12				12	2.80e+01	day	12	2.80e+01	day																											normal	12																										normal	12																																											
Ray1985	284	control	5	282.0	homo sapiens	12	Y	5	M	12	5		2.80e+01				1.90e+00	yr	Y	12	5		5.40e+01				3.70e+00	kilogram	N	12				12	2.80e+01	day	12	2.80e+01	day																											normal	12																										normal	12																																											
Renner2007	285	all	24	None	homo sapiens	24	Y	24	('F', 'M')	(12, 12)	24	4.50e+01		2.60e+01	1.80e+01			yr																																																		24	2.50e-01	day																																																																			
Renner2007	286	men	12	285.0	homo sapiens	12	Y	24	M	12	24	4.50e+01		2.60e+01	1.80e+01			yr			12	8.60e+01		7.50e+01	6.70e+01			kilogram																																								24	2.50e-01	day																																																																			
Renner2007	287	women	12	285.0	homo sapiens	24	Y	24	F	12	24	4.50e+01		2.60e+01	1.80e+01			yr			12	6.60e+01		5.70e+01	5.10e+01			kilogram																																								24	2.50e-01	day																																																																			
Richter1974	288	all	8	None	homo sapiens	8	Y	8	('F', 'M')	(4, 4)	8	4.40e+01			2.10e+01			yr	Y	8	8	7.70e+01			5.90e+01			kilogram			N	8																																																																																																									
Rogers1999	28	all	16	None	homo sapiens	16	Y	16	M	16	16	3.90e+01	2.68e+01		1.80e+01	7.11e+00		yr			16	9.43e+01	7.11e+01		5.49e+01	1.15e+01		kilogram	N	16	N	16		16	1.40e+01	day						16	1.40e+01	grapefruit juice	day																																																																																												
Sahajwalla1991	289	all	8	None	homo sapiens	8	Y	8																																																												8	5.00e-01	day																																																																			
Sanaka2000	290	all	12	None	homo sapiens	12	Y	12											Y	12																																																																																																																					
Sanaka2000	291	experiment1	5	290.0	homo sapiens	12	Y	12	('F', 'M')	(1, 4)	5	3.20e+01			2.10e+01			yr	Y	12	5	8.00e+01			5.50e+01			kilogram																																																																																																													
Sanaka2000	292	experiment2	7	290.0	homo sapiens	12	Y	12	('F', 'M')	(2, 5)	7	4.20e+01			2.70e+01			yr	Y	12	7	8.00e+01			5.20e+01			kilogram																																																																																																													
Sanaka2002	293	all	5	None	homo sapiens	5	Y	5	M	5	5	6.40e+01			3.20e+01			yr	Y	5											N	5																																																																																																									
Seideman1980	294	all	8	None	homo sapiens	8	Y	8	M	8	8	3.30e+01			2.30e+01			yr	Y	8																																																																																																																					
Sevilla-Tirado2003	295	all	12	None	homo sapiens	12	Y	12	('F', 'M')	(4, 8)	12		2.90e+01			9.70e+00		yr	Y	12														12	1.40e+01	day																																																																																																					
Shinoda2007	296	all	10	None	homo sapiens	10																																		japanese	10																																																																																																
Shinoda2007	297	volunteers	5	296.0	homo sapiens	10	Y	5											Y	5																				japanese	10																																																																																																
Shinoda2007	298	chronic_pain	5	296.0	homo sapiens	10	N	5	M	5	5	7.40e+01	5.50e+01		4.00e+01	1.30e+01		yr			5	7.40e+01	6.00e+01		5.10e+01	1.10e+01		kilogram												japanese	10																																																																																																
Shively1975	299	all	18	None	homo sapiens	18	Y	18	M	18	18	3.20e+01			2.20e+01			yr													N	18		18	1.40e+01	day																																18	2.50e-01	day																																																																			
Shively1975	300	paracetamol study	8	299.0	homo sapiens	18	Y	18	M	18	18	3.20e+01			2.20e+01			yr													N	18		18	1.40e+01	day																																18	2.50e-01	day																																																																			
Shively1975	301	phenacetin study	10	299.0	homo sapiens	18	Y	18	M	18	18	3.20e+01			2.20e+01			yr													N	18		18	1.40e+01	day																																18	2.50e-01	day																																																																			
Singla2012	302	all	7	None	homo sapiens	7	Y	7	M	7	7	4.40e+01	2.94e+01		1.90e+01			yr			7				5.00e+01			kilogram	N	7	N	7		7	7.00e+00	day				('african american', 'caucasian')	(2, 5)																							N	7						7	2.50e+01		1.90e+01		kilogram / meter ** 2																																																													
Smith1981	29	all	6	None	homo sapiens	6	Y	6	('F', 'M')	(1, 5)									N	6											N	6																																																																																																									
Somaja1987	303	all	10	None	homo sapiens	10	Y	10	F	10	10		2.71e+01				1.32e+00	yr	Y	10	10		4.83e+01				1.34e+00	kilogram	N	10	N	10																																N	10																																																																				10	9.13e+01	day		
Sonne1988	304	all	9	None	homo sapiens	9	Y	9											Y	9														9	1.40e+01	day																																																																																																					
Souliman2006	305	all	8	None	homo sapiens	8	Y	8			8	3.10e+01			2.30e+01			yr			8	8.00e+01			5.20e+01			kilogram			N	8																										8	1.82e+00		1.64e+00		meter	N	8																																																																								
Stillings2000	306	all	16	None	homo sapiens	16	Y	16	M	16	16	4.00e+01			1.80e+01			yr	Y	16	16	9.50e+01			5.50e+01			kilogram						16	1.40e+01	day	16	2.00e+00	day			16	2.00e+00	caffeine	day										normal	16																																																												16	5.00e-01	yr																			
Tan2006	307	all	10	None	homo sapiens	10	Y	10	('F', 'M')	(2, 8)									Y	10																						10	7.00e+00	paracetamol	day																					normal	10																																																																						
Tan2006	308	males	8	307.0	homo sapiens	8	Y	8	M	8	8	4.30e+01	3.22e+01		2.20e+01			yr	Y	8	8		8.81e+01			4.60e+00		kilogram														10	7.00e+00	paracetamol	day																					normal	10																																																																						
Thummel1996	30	all	20	None	homo sapiens	20	Y	20											Y	20									('Y', 'N')	(1, 19)	N	20					20	2.00e+00	day			20	2.00e+00	caffeine	day																																																																																												
Thummel1996	31	m	10	30.0	homo sapiens	20	Y	20	M	10	10	4.20e+01	3.20e+01		2.60e+01	5.00e+00		yr	Y	20	10	1.00e+02	8.30e+01		7.30e+01	9.00e+00		kilogram	('Y', 'N')	(1, 19)	N	20					20	2.00e+00	day			20	2.00e+00	caffeine	day																																																																																												
Thummel1996	32	f	10	30.0	homo sapiens	20	Y	20	F	10	10	4.40e+01	3.10e+01		2.40e+01	6.00e+00		yr	Y	20	10	1.18e+02	7.00e+01		4.80e+01	1.70e+01		kilogram	('Y', 'N')	(1, 19)	N	20					20	2.00e+00	day			20	2.00e+00	caffeine	day																																																																																												
Tokola1984	309	all	9	None	homo sapiens	9	Y	9	F	9	9	5.10e+01	4.50e+01		3.10e+01			yr	Y	9	9	7.00e+01	6.60e+01		5.40e+01			kilogram	N	9	N	9		9	1.00e+00	day	9	1.00e+00	day																																																																																																		
Triggs1975	310	all	13	None	homo sapiens	13	Y	13	M	13																																													('normal', 'normal', 'normal', 'normal', 'normal')	(13, 13, 13, 13, 13)	('got', 'alp', 'bilirubin', 'creatinine', 'urea')																																																																																
Triggs1975	311	control	6	310.0	homo sapiens	13	Y	13	M	13	6	3.00e+01	2.40e+01		2.20e+01			yr																6	2.00e+00	day																			('normal', 'normal', 'normal', 'normal', 'normal')	(13, 13, 13, 13, 13)	('urea', 'creatinine', 'bilirubin', 'alp', 'got')																																																																																
Triggs1975	312	elderly	7	310.0	homo sapiens	13	Y	13	M	13	7	9.10e+01	8.09e+01		7.30e+01			yr																(3, 4)	('0.00e+00', '2.00e+00')	('day', 'day')																			('normal', 'normal', 'normal', 'normal', 'normal')	(13, 13, 13, 13, 13)	('urea', 'creatinine', 'bilirubin', 'alp', 'got')																																																																																
Tsunoda1999	33	all	9	None	homo sapiens	9	Y	9	('F', 'M')	(3, 6)	9	4.10e+01	2.60e+01		1.90e+01			yr	N	9	9		7.16e+01					kilogram	N	9	N	9								caucasian	9										N	9												N	9																																																																								
Vanakoski1996	34	all	120	None	homo sapiens	120	Y	120																																																																																																																																	
Vanakoski1996	35	study1	49	34.0	homo sapiens	120	Y	120	('F', 'M')	(15, 34)	49	3.00e+01			2.00e+01			yr			49	8.80e+01			4.30e+01			kilogram																																																																																																													
Vanakoski1996	36	study1_MID_water	12	35.0	homo sapiens	120	Y	120	('M', 'F')	(4, 8)	49	3.00e+01			2.00e+01			yr			49	8.80e+01			4.30e+01			kilogram																																																																																																													
Vanakoski1996	37	study1_MID_GRAP	13	35.0	homo sapiens	120	Y	120	('M', 'F')	(3, 10)	49	3.00e+01			2.00e+01			yr			49	8.80e+01			4.30e+01			kilogram																																																																																																													
Vanakoski1996	38	study1_water	12	35.0	homo sapiens	120	Y	120	('M', 'F')	(4, 8)	49	3.00e+01			2.00e+01			yr			49	8.80e+01			4.30e+01			kilogram																																																																																																													
Vanakoski1996	39	study1_GRAP	12	35.0	homo sapiens	120	Y	120	('M', 'F')	(4, 8)	49	3.00e+01			2.00e+01			yr			49	8.80e+01			4.30e+01			kilogram																																																																																																													
Vanakoski1996	40	study2	57	34.0	homo sapiens	120	Y	120	('F', 'M')	(23, 34)	57	3.60e+01			2.00e+01			yr			57	8.40e+01			5.00e+01			kilogram																																																																																																													
Vanakoski1996	41	study2_placebo	15	40.0	homo sapiens	120	Y	120	('F', 'M')	(5, 10)	57	3.60e+01			2.00e+01			yr			57	8.40e+01			5.00e+01			kilogram																																																																																																													
Vanakoski1996	42	study2_TRZ	14	40.0	homo sapiens	120	Y	120	('M', 'F')	(5, 9)	57	3.60e+01			2.00e+01			yr			57	8.40e+01			5.00e+01			kilogram																																																																																																													
Vanakoski1996	43	study2_TRZ_GRAP	13	40.0	homo sapiens	120	Y	120	('M', 'F')	(6, 7)	57	3.60e+01			2.00e+01			yr			57	8.40e+01			5.00e+01			kilogram																																																																																																													
Vanakoski1996	44	study2_MID	15	40.0	homo sapiens	120	Y	120	('M', 'F')	(6, 9)	57	3.60e+01			2.00e+01			yr			57	8.40e+01			5.00e+01			kilogram																																																																																																													
Vanakoski1996	45	study3	6	34.0	homo sapiens	120	Y	120	('M', 'F')	(3, 3)	6	3.10e+01			2.30e+01			yr			6	8.10e+01			5.50e+01			kilogram																																																																																																													
Veronese2003	46	all	24	None	homo sapiens	24	Y	24	M	24	24		2.85e+01			7.40e+00		yr	Y	24	24		7.43e+01			9.30e+00		kilogram	N	24												24	3.04e+01	grapefruit juice	day																																																																																												
Veronese2003	47	phase1	8	46.0	homo sapiens	24	Y	24	M	24	24		2.85e+01			7.40e+00		yr	Y	24	24		7.43e+01			9.30e+00		kilogram	N	24												24	3.04e+01	grapefruit juice	day																																																																																												
Veronese2003	48	phase2	16	46.0	homo sapiens	24	Y	24	M	24	24		2.85e+01			7.40e+00		yr	Y	24	24		7.43e+01			9.30e+00		kilogram	N	24												24	3.04e+01	grapefruit juice	day																																																																																												
Volak2013	313	all	8	None	homo sapiens	8	Y	8	('F', 'M')	(1, 7)	8	5.20e+01			2.40e+01			yr			8	9.30e+01			6.10e+01			kilogram	('Y', 'N')	(1, 7)				8	7.00e+00	day	8	7.00e+00	day	('arab american', 'african american', 'caucasian')	(1, 1, 7)	(8, 8, 8, 8)	('7.00e+00', '7.00e+00', '7.00e+00', '7.00e+00')	('cabbage', 'brussel sprouts', 'caffeine', 'grapefruit juice')	('day', 'day', 'day', 'day')																																																																																												
Wojcicki1979	314	all	16	None	homo sapiens	16	Y	16	('F', 'M')	(8, 8)	16	2.10e+01			1.90e+01			yr	Y	16														16	5.60e+01	day																																																																																																					
Wojcicki1979	315	males	8	314.0	homo sapiens	16	Y	16	M	8	16	2.10e+01			1.90e+01			yr	Y	16														16	5.60e+01	day																																																																																																					
Wojcicki1979	316	females	8	314.0	homo sapiens	16	Y	16	F	8	16	2.10e+01			1.90e+01			yr	Y	16														16	5.60e+01	day																																																																																																					
Wynne1990	317	all	47	None	homo sapiens	47													Y	47																																																																																																																					
Wynne1990	318	young	19	317.0	homo sapiens	47													Y	47																																	young	19																																																																																			
Wynne1990	319	elderly	29	317.0	homo sapiens	47													Y	47																																	elder	29																																																																																			
Wynne1990	320	fit young	19	318.0	homo sapiens	47	Y	19	('M', 'F')	(2, 17)	19	3.10e+01	2.50e+01		1.80e+01		1.00e+00	yr	Y	47	19		5.90e+01				2.00e+00	kilogram	('Y', 'N')	(3, 16)	N	19																			N	19	young	19																																																																					(19, 19)	('1.12e+03', '1.92e+01')	('4.00e+01', '7.00e-01')	('milliliter', 'milliliter / kilogram')											
Wynne1990	321	fit elderly	20	319.0	homo sapiens	47	Y	20	('M', 'F')	(3, 17)	20		7.30e+01		6.00e+01		1.00e+00	yr	Y	47	20		6.60e+01				2.00e+00	kilogram	N	20	N	20																			N	20	elder	29																																																																					(20, 20)	('1.09e+03', '1.68e+01')	('4.30e+01', '9.00e-01')	('milliliter', 'milliliter / kilogram')											
Wynne1990	322	frail elderly	9	319.0	homo sapiens	47	N	9	('M', 'F')	(1, 8)	9		8.20e+01		6.00e+01		2.00e+00	yr	Y	47	9		5.30e+01				4.00e+00	kilogram	('Y', 'N')	(1, 8)	N	9																			N	9	elder	29																																																																					(9, 9)	('8.43e+02', '1.59e+01')	('5.00e+01', '5.00e-01')	('milliliter', 'milliliter / kilogram')											
Yin2001	323	all	12	None	homo sapiens	12	Y	12	M	12	12		2.41e+01			7.10e+00		yr	Y	12	12		6.27e+01			5.60e+00		kilogram	N	12				12	1.40e+01	day				chinese	12																	12		1.71e+00		4.40e-02	meter																																																																										
