study	pk	name	measurement_type	access	allowed_users	raw_pk	substance	application	route	unit	value	form	time	time_unit	choice	sd	max	min
Davis1976	246	paracetamol4000mg	dosing	public	[{'username': 'mkoenig'}, {'username': 'jbrandhorst'}]	242	paracetamol	single dose	oral	gram	4.00e+00	tablet	0.00e+00	min				
Davis1976	245	paracetamol3000mg	dosing	public	[{'username': 'mkoenig'}, {'username': 'jbrandhorst'}]	241	paracetamol	single dose	oral	gram	3.00e+00	tablet	0.00e+00	min				
Davis1976	244	paracetamol2000mg	dosing	public	[{'username': 'mkoenig'}, {'username': 'jbrandhorst'}]	240	paracetamol	single dose	oral	gram	2.00e+00	tablet	0.00e+00	min				
Davis1976	243	paracetamol1000mg	dosing	public	[{'username': 'mkoenig'}, {'username': 'jbrandhorst'}]	239	paracetamol	single dose	oral	gram	1.00e+00	tablet	0.00e+00	min				
Davis1976	248	paracetamol_overdose	qualitative dosing	public	[{'username': 'mkoenig'}, {'username': 'jbrandhorst'}]	247	paracetamol	single dose				tablet						
Davis1976	308	intervention_case30	dosing	public	[{'username': 'mkoenig'}, {'username': 'jbrandhorst'}]	278	paracetamol	single dose	oral	gram	1.00e+02	tablet	0.00e+00	min				
Davis1976	307	intervention_case29	dosing	public	[{'username': 'mkoenig'}, {'username': 'jbrandhorst'}]	277	paracetamol	single dose	oral	gram	2.50e+01	tablet	0.00e+00	min				
Davis1976	306	intervention_case28	dosing	public	[{'username': 'mkoenig'}, {'username': 'jbrandhorst'}]	276	paracetamol	single dose	oral	gram	2.50e+01	tablet	0.00e+00	min				
Davis1976	305	intervention_case27	dosing	public	[{'username': 'mkoenig'}, {'username': 'jbrandhorst'}]	275	paracetamol	single dose	oral	gram	7.50e+01	tablet	0.00e+00	min				
Davis1976	304	intervention_case26	dosing	public	[{'username': 'mkoenig'}, {'username': 'jbrandhorst'}]	274	paracetamol	single dose	oral	gram	5.00e+01	tablet	0.00e+00	min				
Davis1976	303	intervention_case25	dosing	public	[{'username': 'mkoenig'}, {'username': 'jbrandhorst'}]	273	paracetamol	single dose	oral	gram	5.00e+01	tablet	0.00e+00	min				
Davis1976	302	intervention_case24	dosing	public	[{'username': 'mkoenig'}, {'username': 'jbrandhorst'}]	272	paracetamol	single dose	oral	gram	5.00e+01	tablet	0.00e+00	min				
Davis1976	301	intervention_case23	dosing	public	[{'username': 'mkoenig'}, {'username': 'jbrandhorst'}]	271	paracetamol	single dose	oral	gram	3.00e+01	tablet	0.00e+00	min				
Davis1976	300	intervention_case22	dosing	public	[{'username': 'mkoenig'}, {'username': 'jbrandhorst'}]	270	paracetamol	single dose	oral	gram	5.50e+01	tablet	0.00e+00	min				
Davis1976	299	intervention_case21	dosing	public	[{'username': 'mkoenig'}, {'username': 'jbrandhorst'}]	269	paracetamol	single dose	oral	gram	3.50e+01	tablet	0.00e+00	min				
Davis1976	298	intervention_case20	dosing	public	[{'username': 'mkoenig'}, {'username': 'jbrandhorst'}]	268	paracetamol	single dose	oral	gram	3.50e+01	tablet	0.00e+00	min				
Davis1976	297	intervention_case19	dosing	public	[{'username': 'mkoenig'}, {'username': 'jbrandhorst'}]	267	paracetamol	single dose	oral	gram	3.50e+01	tablet	0.00e+00	min				
Davis1976	296	intervention_case18	dosing	public	[{'username': 'mkoenig'}, {'username': 'jbrandhorst'}]	266	paracetamol	single dose	oral	gram	3.00e+01	tablet	0.00e+00	min				
Davis1976	295	intervention_case17	dosing	public	[{'username': 'mkoenig'}, {'username': 'jbrandhorst'}]	265	paracetamol	single dose	oral	gram	3.75e+01	tablet	0.00e+00	min				
Davis1976	294	intervention_case16	dosing	public	[{'username': 'mkoenig'}, {'username': 'jbrandhorst'}]	264	paracetamol	single dose	oral	gram	2.50e+01	tablet	0.00e+00	min				
Davis1976	293	intervention_case15	dosing	public	[{'username': 'mkoenig'}, {'username': 'jbrandhorst'}]	263	paracetamol	single dose	oral	gram	2.00e+01	tablet	0.00e+00	min				
Davis1976	292	intervention_case14	dosing	public	[{'username': 'mkoenig'}, {'username': 'jbrandhorst'}]	262	paracetamol	single dose	oral	gram	2.00e+01	tablet	0.00e+00	min				
Davis1976	291	intervention_case13	dosing	public	[{'username': 'mkoenig'}, {'username': 'jbrandhorst'}]	261	paracetamol	single dose	oral	gram	3.00e+01	tablet	0.00e+00	min				
Davis1976	290	intervention_case12	dosing	public	[{'username': 'mkoenig'}, {'username': 'jbrandhorst'}]	260	paracetamol	single dose	oral	gram	2.00e+01	tablet	0.00e+00	min				
Davis1976	289	intervention_case11	dosing	public	[{'username': 'mkoenig'}, {'username': 'jbrandhorst'}]	259	paracetamol	single dose	oral	gram	2.00e+01	tablet	0.00e+00	min				
Davis1976	288	intervention_case10	dosing	public	[{'username': 'mkoenig'}, {'username': 'jbrandhorst'}]	258	paracetamol	single dose	oral	gram	5.00e+01	tablet	0.00e+00	min				
Davis1976	287	intervention_case9	dosing	public	[{'username': 'mkoenig'}, {'username': 'jbrandhorst'}]	257	paracetamol	single dose	oral	gram	3.75e+01	tablet	0.00e+00	min				
Davis1976	286	intervention_case8	dosing	public	[{'username': 'mkoenig'}, {'username': 'jbrandhorst'}]	256	paracetamol	single dose	oral	gram	2.00e+01	tablet	0.00e+00	min				
Davis1976	285	intervention_case7	dosing	public	[{'username': 'mkoenig'}, {'username': 'jbrandhorst'}]	255	paracetamol	single dose	oral	gram	5.00e+01	tablet	0.00e+00	min				
Davis1976	284	intervention_case6	dosing	public	[{'username': 'mkoenig'}, {'username': 'jbrandhorst'}]	254	paracetamol	single dose	oral	gram	1.25e+01	tablet	0.00e+00	min				
Davis1976	283	intervention_case5	dosing	public	[{'username': 'mkoenig'}, {'username': 'jbrandhorst'}]	253	paracetamol	single dose	oral	gram	2.50e+01	tablet	0.00e+00	min				
Davis1976	282	intervention_case4	dosing	public	[{'username': 'mkoenig'}, {'username': 'jbrandhorst'}]	252	paracetamol	single dose	oral	gram	1.50e+01	tablet	0.00e+00	min				
Davis1976	281	intervention_case3	dosing	public	[{'username': 'mkoenig'}, {'username': 'jbrandhorst'}]	251	paracetamol	single dose	oral	gram	1.50e+01	tablet	0.00e+00	min				
Davis1976	280	intervention_case2	dosing	public	[{'username': 'mkoenig'}, {'username': 'jbrandhorst'}]	250	paracetamol	single dose	oral	gram	2.50e+01	tablet	0.00e+00	min				
Davis1976	279	intervention_case1	dosing	public	[{'username': 'mkoenig'}, {'username': 'jbrandhorst'}]	249	paracetamol	single dose	oral	gram	1.50e+01	tablet	0.00e+00	min				
Klotz1982	83	iv	dosing	public	[{'username': 'mkoenig'}, {'username': 'yduport'}]	81	midazolam	single dose	iv	gram / kilogram	7.50e-05	solution	0.00e+00	hr				
Klotz1982	84	po	dosing	public	[{'username': 'mkoenig'}, {'username': 'yduport'}]	82	midazolam	single dose	oral	gram	1.50e-02	no info	0.00e+00	hr				
Klotz1982	87	morning	circadian status	public	[{'username': 'mkoenig'}, {'username': 'yduport'}]	85									morning			
Klotz1982	88	evening	circadian status	public	[{'username': 'mkoenig'}, {'username': 'yduport'}]	86									evening			
Klotz1982	91	supine	body position	public	[{'username': 'mkoenig'}, {'username': 'yduport'}]	89									supine			
Klotz1982	92	ambulant	body position	public	[{'username': 'mkoenig'}, {'username': 'yduport'}]	90									ambulant			
Kupferschmidt1995	95	iv	dosing	public	[{'username': 'mkoenig'}, {'username': 'yduport'}]	93	midazolam	single dose	iv	gram	5.00e-03	solution	0.00e+00	min				
Kupferschmidt1995	96	po	dosing	public	[{'username': 'mkoenig'}, {'username': 'yduport'}]	94	midazolam	single dose	oral	gram	1.50e-02	tablet	0.00e+00	min				
Kupferschmidt1995	99	GRAP1	dosing	public	[{'username': 'mkoenig'}, {'username': 'yduport'}]	97	grapefruit juice	single dose	oral	gram	2.00e-01	solution	-6.00e+01	min				
Kupferschmidt1995	100	GRAP2	dosing	public	[{'username': 'mkoenig'}, {'username': 'yduport'}]	98	grapefruit juice	single dose	oral	gram	2.00e-01	solution	-1.50e+01	min				
Farkas2007	10	po	dosing	public	[{'username': 'mkoenig'}, {'username': 'yduport'}]	8	midazolam	single dose	oral	gram	6.00e-03	no info	0.00e+00	hr				
Farkas2007	9	iv	dosing	public	[{'username': 'mkoenig'}, {'username': 'yduport'}]	7	midazolam	single dose	iv	gram	2.00e-03	solution	0.00e+00	hr				
Farkas2007	18	GRAP2	dosing	public	[{'username': 'mkoenig'}, {'username': 'yduport'}]	14	grapefruit juice	single dose	oral	gram	2.36e-01	solution	-1.00e+00	hr				
Farkas2007	17	GRAP1	dosing	public	[{'username': 'mkoenig'}, {'username': 'yduport'}]	13	grapefruit juice	single dose	oral	gram	2.36e-01	solution	-1.20e+01	hr				
Farkas2007	16	POM2	dosing	public	[{'username': 'mkoenig'}, {'username': 'yduport'}]	12	pomegranate juice	single dose	oral	gram	2.36e-01	solution	-1.00e+00	hr				
Farkas2007	15	POM1	dosing	public	[{'username': 'mkoenig'}, {'username': 'yduport'}]	11	pomegranate juice	single dose	oral	gram	2.36e-01	solution	-1.20e+01	hr				
Greenblatt1986	30	MID_OR	dosing	public	[{'username': 'mkoenig'}, {'username': 'yduport'}]	28	midazolam	single dose	oral	gram	1.50e-02	tablet	0.00e+00	hr				
Greenblatt1986	29	MID_IV	dosing	public	[{'username': 'mkoenig'}, {'username': 'yduport'}]	27	midazolam	single dose	iv	gram	5.00e-03	solution	0.00e+00	hr				
Greenblatt1986	32	CIM	qualitative dosing	public	[{'username': 'mkoenig'}, {'username': 'yduport'}]	31	cimetidine	multiple dose		gram / hour	5.00e-02		-2.40e+01	hr				
Greenblatt1986	34	RAN	qualitative dosing	public	[{'username': 'mkoenig'}, {'username': 'yduport'}]	33	ranitidine	multiple dose		gram / hour	1.25e-02		-2.40e+01	hr				
Mandema1992	103	iv_mid	dosing	public	[{'username': 'mkoenig'}, {'username': 'yduport'}]	101	midazolam	single dose	iv	gram / kilogram	1.00e-04	solution	0.00e+00	hr				
Mandema1992	104	iv_1ohmid	dosing	public	[{'username': 'mkoenig'}, {'username': 'yduport'}]	102	1-hydroxymidazolam	single dose	iv	gram / kilogram	1.50e-04	solution	0.00e+00	hr				
Mandema1992	106	po_mid	dosing	public	[{'username': 'mkoenig'}, {'username': 'yduport'}]	105	midazolam	single dose	oral	gram	7.50e-03	tablet	0.00e+00	hr				
Heizmann1983	48	iv	dosing	public	[{'username': 'mkoenig'}, {'username': 'yduport'}, {'username': 'janekg'}]	47	midazolam	single dose	iv	gram / kilogram	1.50e-04	solution	0.00e+00	hr				
Heizmann1983	54	po40	dosing	public	[{'username': 'mkoenig'}, {'username': 'yduport'}, {'username': 'janekg'}]	51	midazolam	single dose	oral	gram	4.00e-02	tablet	0.00e+00	hr				
Heizmann1983	53	po20	dosing	public	[{'username': 'mkoenig'}, {'username': 'yduport'}, {'username': 'janekg'}]	50	midazolam	single dose	oral	gram	2.00e-02	tablet	0.00e+00	hr				
Heizmann1983	52	po10	dosing	public	[{'username': 'mkoenig'}, {'username': 'yduport'}, {'username': 'janekg'}]	49	midazolam	single dose	oral	gram	1.00e-02	tablet	0.00e+00	hr				
Gorski2003	20	iv	dosing	public	[{'username': 'mkoenig'}, {'username': 'yduport'}]	19	midazolam	single dose	iv	gram / kilogram	5.00e-05	solution	0.00e+00	day				
Gorski2003	24	po6	dosing	public	[{'username': 'mkoenig'}, {'username': 'yduport'}]	22	15N3-midazolam	single dose	oral	gram	6.00e-03	solution	0.00e+00	day				
Gorski2003	23	po4	dosing	public	[{'username': 'mkoenig'}, {'username': 'yduport'}]	21	15N3-midazolam	single dose	oral	gram	4.00e-03	solution	0.00e+00	day				
Gorski2003	26	RIF	qualitative dosing	public	[{'username': 'mkoenig'}, {'username': 'yduport'}]	25	rifampicin	multiple dose	oral	gram / hour	2.50e-02		-7.00e+00	day				
Rogers1999	113	MID	dosing	private	[{'username': 'mkoenig'}, {'username': 'yduport'}]	111	midazolam	single dose	oral	gram	2.00e-03	solution	0.00e+00	hr				
Rogers1999	114	LOV	dosing	private	[{'username': 'mkoenig'}, {'username': 'yduport'}]	112	lovastatin	single dose	oral	gram	4.00e-02	no info	0.00e+00	hr				
Rogers1999	116	GRAP	qualitative dosing	private	[{'username': 'mkoenig'}, {'username': 'yduport'}]	115	grapefruit juice	multiple dose	oral	gram / hour	9.83e-03	solution	-3.00e+00	day				
Allonen1981	4	po15	dosing	public	[{'username': 'mkoenig'}, {'username': 'yduport'}]	2	midazolam	single dose	oral	gram	1.50e-02	tablet	0.00e+00	hr				
Allonen1981	3	po75	dosing	public	[{'username': 'mkoenig'}, {'username': 'yduport'}]	1	midazolam	single dose	oral	gram	7.50e-03	tablet	0.00e+00	hr				
Allonen1981	6	iv	dosing	public	[{'username': 'mkoenig'}, {'username': 'yduport'}]	5	midazolam	single dose	iv	gram / kilogram	7.50e-05	solution	0.00e+00	hr				
Pentikaeinen1989	108	iv	dosing	private	[{'username': 'yduport'}]	107	midazolam	single dose	iv	gram	7.50e-03	solution	0.00e+00	hr				
Pentikaeinen1989	110	po	dosing	private	[{'username': 'yduport'}]	109	midazolam	single dose	oral	gram	1.50e-02	no info	0.00e+00	hr				
Depre1992	310	propacetamol1000mg_iv	dosing	public	[{'username': 'jbrandhorst'}]	309	propacetamol	constant infusion	iv	gram	1.00e+00	solution	0.00e+00	hr				
Depre1992	312	paracetamol500mg	dosing	public	[{'username': 'jbrandhorst'}]	311	paracetamol	single dose	oral	gram	5.00e-01	tablet	0.00e+00	hr				
Depre1992	314	propacetamol2000mg_iv_2min	dosing	public	[{'username': 'jbrandhorst'}]	313	propacetamol	constant infusion	iv	gram	2.00e+00	solution	2.00e+00	min				
Depre1992	316	propacetamol2000mg_iv_15min	dosing	public	[{'username': 'jbrandhorst'}]	315	paracetamol	constant infusion	iv	gram	2.00e+00	solution	1.50e+01	min				
Clements1978	218	paracetamol20mg/kg_po	dosing	public	[{'username': 'mkoenig'}, {'username': 'jbrandhorst'}]	217	paracetamol	single dose	oral	gram / kilogram	2.00e-02	solution	0.00e+00	hr				
Clements1978	220	meperidine150mg_im	dosing	public	[{'username': 'mkoenig'}, {'username': 'jbrandhorst'}]	219	meperidine	single dose	intramuscular	gram	1.50e-01	solution	-3.00e+01	min				
Clements1978	222	pentazocine60mg_im	dosing	public	[{'username': 'mkoenig'}, {'username': 'jbrandhorst'}]	221	pentazocine	single dose	intramuscular	gram	6.00e-02	solution	-3.00e+01	min				
Clements1978	224	naloxone1.2mg_iv	dosing	public	[{'username': 'mkoenig'}, {'username': 'jbrandhorst'}]	223	naloxone	single dose	iv	gram	1.20e-03	solution	0.00e+00	min				
Clements1984	226	paracetamol_iv_5mg/kg	dosing	public	[{'username': 'mkoenig'}, {'username': 'jbrandhorst'}]	225	paracetamol	constant infusion	iv	gram / kilogram	5.00e-03	solution	2.00e+00	hr				
Clements1984	228	paracetamol_iv_20mg/kg	dosing	public	[{'username': 'mkoenig'}, {'username': 'jbrandhorst'}]	227	paracetamol	constant infusion	iv	gram / kilogram	2.00e-02	solution	2.00e+00	hr				
Clements1984	230	paracetamol_5mg/kg	dosing	public	[{'username': 'mkoenig'}, {'username': 'jbrandhorst'}]	229	paracetamol	constant infusion	oral	gram / kilogram	5.00e-03	solution	2.00e+00	hr				
Clements1984	232	paracetamol_20mg/kg	dosing	public	[{'username': 'mkoenig'}, {'username': 'jbrandhorst'}]	231	paracetamol	constant infusion	oral	gram / kilogram	2.00e-02	solution	2.00e+00	hr				
Clements1984	234	coca cola	qualitative dosing	public	[{'username': 'mkoenig'}, {'username': 'jbrandhorst'}]	233	caffeine						2.00e+00	hr				
Chen1996	208	paracetamol1000mg	dosing	public	[{'username': 'mkoenig'}, {'username': 'jbrandhorst'}]	207	paracetamol	single dose	oral	gram	1.00e+00	tablet	0.00e+00	hr				
Chen1996	210	watercress	dosing	public	[{'username': 'mkoenig'}, {'username': 'jbrandhorst'}]	209	watercress	single dose	oral	gram	5.00e+01	no info	2.00e+00	hr				
Chiew2010	212	paracetamol	dosing	public	[{'username': 'janekg'}, {'username': 'dimitra'}, {'username': 'mkoenig'}]	211	paracetamol	single dose	oral	gram / kilogram	7.90e-02	tablet	0.00e+00	hr			8.30e-02	7.70e-02
Chiew2010	214	PEx	dosing	public	[{'username': 'janekg'}, {'username': 'dimitra'}, {'username': 'mkoenig'}]	213	panadol extend	single dose	oral	gram / kilogram	7.88e-02	tablet	0.00e+00	hr			8.10e-02	7.50e-02
Clements1976	216	paracetamol12mg/kg_iv	dosing	public	[{'username': 'mkoenig'}, {'username': 'jbrandhorst'}]	215	paracetamol	single dose	iv	gram / kilogram	1.20e-02	solution	0.00e+00	min				
Critchley2005	236	paracetamol	dosing	public	[{'username': 'janekg'}, {'username': 'dimitra'}, {'username': 'mkoenig'}]	235	paracetamol	single dose	oral	gram / kilogram	2.00e-02	solution	0.00e+00	hr				
Levy1971	466	paracetamol1000mg	dosing	public	[{'username': 'mkoenig'}, {'username': 'jbrandhorst'}]	465	paracetamol	single dose	oral	gram	1.00e+00	tablet	0.00e+00	hr				
Levy1971	468	paracetamol2000mg	dosing	public	[{'username': 'mkoenig'}, {'username': 'jbrandhorst'}]	467	paracetamol	single dose	oral	gram	2.00e+00	tablet	0.00e+00	hr				
Levy1971	470	salicylamide1000mg	dosing	public	[{'username': 'mkoenig'}, {'username': 'jbrandhorst'}]	469	salicylamide	single dose	oral	gram	1.00e+00	tablet	0.00e+00	hr				
Levy1971	472	salicylamide1000mg90min	dosing	public	[{'username': 'mkoenig'}, {'username': 'jbrandhorst'}]	471	salicylamide	single dose	oral	gram	1.00e+00	tablet	1.50e+00	hr				
Levy1971	474	salicylamide2000mg90min	dosing	public	[{'username': 'mkoenig'}, {'username': 'jbrandhorst'}]	473	salicylamide	single dose	oral	gram	2.00e+00	tablet	1.50e+00	hr				
Levy1971	476	l-cysteine0hr	dosing	public	[{'username': 'mkoenig'}, {'username': 'jbrandhorst'}]	475	l-cysteine	single dose	oral	gram	2.00e+00	tablet	0.00e+00	hr				
Levy1971	478	l-cysteine1hr	dosing	public	[{'username': 'mkoenig'}, {'username': 'jbrandhorst'}]	477	l-cysteine	single dose	oral	gram	2.00e+00	tablet	1.00e+00	hr				
Levy1971	480	l-cysteine2hr	dosing	public	[{'username': 'mkoenig'}, {'username': 'jbrandhorst'}]	479	l-cysteine	single dose	oral	gram	2.00e+00	tablet	2.00e+00	hr				
Levy1971	482	l-cysteine3hr	dosing	public	[{'username': 'mkoenig'}, {'username': 'jbrandhorst'}]	481	l-cysteine	single dose	oral	gram	2.00e+00	tablet	3.00e+00	hr				
Levy1971	484	l-cysteine4hr	dosing	public	[{'username': 'mkoenig'}, {'username': 'jbrandhorst'}]	483	l-cysteine	single dose	oral	gram	2.00e+00	tablet	4.00e+00	hr				
Langford2016	444	paracetamol1000mg_iv	dosing	public	[{'username': 'mkoenig'}, {'username': 'jbrandhorst'}]	443	paracetamol	single dose	iv	gram	1.00e+00	solution	1.00e+01	min				
Langford2016	448	paracetamol1500mg_po	dosing	public	[{'username': 'mkoenig'}, {'username': 'jbrandhorst'}]	446	paracetamol	single dose	oral	gram	1.50e+00	tablet	0.00e+00	hr				
Langford2016	447	paracetamol1000mg_po	dosing	public	[{'username': 'mkoenig'}, {'username': 'jbrandhorst'}]	445	paracetamol	single dose	oral	gram	1.00e+00	tablet	0.00e+00	hr				
Kamali1992	426	paracetamol1000mg_po	dosing	public	[{'username': 'mkoenig'}, {'username': 'jbrandhorst'}]	425	paracetamol	single dose	oral	gram	1.00e+00	tablet	0.00e+00	min				
Kamali1992	428	pirenzepine_pre-treatment	qualitative dosing	public	[{'username': 'mkoenig'}, {'username': 'jbrandhorst'}]	427	paracetamol	multiple dose	oral			tablet						
Kamali1993	430	paracetamol1500mg	dosing	public	[{'username': 'mkoenig'}, {'username': 'jbrandhorst'}]	429	paracetamol	single dose	oral	gram	1.50e+00	tablet	0.00e+00	hr				
Kamali1993	432	probenecid1000mg	dosing	public	[{'username': 'mkoenig'}, {'username': 'jbrandhorst'}]	431	probenecid	single dose	oral	gram	1.00e+00	tablet	-1.00e+00	hr				
Kim2011	438	paracetamol1000mg	dosing	public	[{'username': 'mkoenig'}, {'username': 'jbrandhorst'}]	437	paracetamol	single dose	oral	gram	1.00e+00	tablet	0.00e+00	hr				
Kim2011	440	imatinib400mg	qualitative dosing	public	[{'username': 'mkoenig'}, {'username': 'jbrandhorst'}]	439	imatinib	single dose	oral	gram	4.00e-01	tablet	0.00e+00	hr				
Kamali1993a	434	paracetamol500mg_iv	dosing	public	[{'username': 'mkoenig'}, {'username': 'jbrandhorst'}]	433	paracetamol	single dose	iv	gram	5.00e-01	solution	0.00e+00	min				
Kulo2014	442	paracetamol2000mg_iv	dosing	public	[{'username': 'mkoenig'}, {'username': 'jbrandhorst'}]	441	paracetamol	single dose	iv	gram	2.00e+00	solution	0.00e+00	hr				
Kietzmann1990	436	paracetamol1000mg	dosing	public	[{'username': 'mkoenig'}, {'username': 'jbrandhorst'}]	435	paracetamol	single dose	oral	gram	1.00e+00	solution	0.00e+00	min				
Lau1994	450	paracetamol	dosing	public	[{'username': 'dimitra'}, {'username': 'mkoenig'}]	449	paracetamol	single dose	oral	gram / kilogram	2.00e-02	solution	0.00e+00	hr				
Sahajwalla1991	602	ACE_1000	qualitative dosing	public	[{'username': 'mkoenig'}, {'username': 'jbrandhorst'}, {'username': 'janekg'}]	598	paracetamol	multiple dose	oral	gram	1.00e+00	tablet						
Sahajwalla1991	601	ACE_825	qualitative dosing	public	[{'username': 'mkoenig'}, {'username': 'jbrandhorst'}, {'username': 'janekg'}]	597	paracetamol	multiple dose	oral	gram	8.25e-01	tablet						
Sahajwalla1991	600	ACE_650	qualitative dosing	public	[{'username': 'mkoenig'}, {'username': 'jbrandhorst'}, {'username': 'janekg'}]	596	paracetamol	multiple dose	oral	gram	6.50e-01	tablet						
Sahajwalla1991	599	ACE_325	qualitative dosing	public	[{'username': 'mkoenig'}, {'username': 'jbrandhorst'}, {'username': 'janekg'}]	595	paracetamol	multiple dose	oral	gram	3.25e-01	tablet						
Sahajwalla1991	612	ACE_325_t5	dosing	public	[{'username': 'mkoenig'}, {'username': 'jbrandhorst'}, {'username': 'janekg'}]	607	paracetamol	single dose	oral	gram	3.25e-01	tablet	2.40e+01	hr				
Sahajwalla1991	611	ACE_325_t4	dosing	public	[{'username': 'mkoenig'}, {'username': 'jbrandhorst'}, {'username': 'janekg'}]	606	paracetamol	single dose	oral	gram	3.25e-01	tablet	1.80e+01	hr				
Sahajwalla1991	610	ACE_325_t3	dosing	public	[{'username': 'mkoenig'}, {'username': 'jbrandhorst'}, {'username': 'janekg'}]	605	paracetamol	single dose	oral	gram	3.25e-01	tablet	1.20e+01	hr				
Sahajwalla1991	609	ACE_325_t2	dosing	public	[{'username': 'mkoenig'}, {'username': 'jbrandhorst'}, {'username': 'janekg'}]	604	paracetamol	single dose	oral	gram	3.25e-01	tablet	6.00e+00	hr				
Sahajwalla1991	608	ACE_325_t1	dosing	public	[{'username': 'mkoenig'}, {'username': 'jbrandhorst'}, {'username': 'janekg'}]	603	paracetamol	single dose	oral	gram	3.25e-01	tablet	0.00e+00	hr				
Sahajwalla1991	622	ACE_650_t5	dosing	public	[{'username': 'mkoenig'}, {'username': 'jbrandhorst'}, {'username': 'janekg'}]	617	paracetamol	single dose	oral	gram	6.50e-01	tablet	2.40e+01	hr				
Sahajwalla1991	621	ACE_650_t4	dosing	public	[{'username': 'mkoenig'}, {'username': 'jbrandhorst'}, {'username': 'janekg'}]	616	paracetamol	single dose	oral	gram	6.50e-01	tablet	1.80e+01	hr				
Sahajwalla1991	620	ACE_650_t3	dosing	public	[{'username': 'mkoenig'}, {'username': 'jbrandhorst'}, {'username': 'janekg'}]	615	paracetamol	single dose	oral	gram	6.50e-01	tablet	1.20e+01	hr				
Sahajwalla1991	619	ACE_650_t2	dosing	public	[{'username': 'mkoenig'}, {'username': 'jbrandhorst'}, {'username': 'janekg'}]	614	paracetamol	single dose	oral	gram	6.50e-01	tablet	6.00e+00	hr				
Sahajwalla1991	618	ACE_650_t1	dosing	public	[{'username': 'mkoenig'}, {'username': 'jbrandhorst'}, {'username': 'janekg'}]	613	paracetamol	single dose	oral	gram	6.50e-01	tablet	0.00e+00	hr				
Sahajwalla1991	632	ACE_825_t5	dosing	public	[{'username': 'mkoenig'}, {'username': 'jbrandhorst'}, {'username': 'janekg'}]	627	paracetamol	single dose	oral	gram	8.25e-01	tablet	2.40e+01	hr				
Sahajwalla1991	631	ACE_825_t4	dosing	public	[{'username': 'mkoenig'}, {'username': 'jbrandhorst'}, {'username': 'janekg'}]	626	paracetamol	single dose	oral	gram	8.25e-01	tablet	1.80e+01	hr				
Sahajwalla1991	630	ACE_825_t3	dosing	public	[{'username': 'mkoenig'}, {'username': 'jbrandhorst'}, {'username': 'janekg'}]	625	paracetamol	single dose	oral	gram	8.25e-01	tablet	1.20e+01	hr				
Sahajwalla1991	629	ACE_825_t2	dosing	public	[{'username': 'mkoenig'}, {'username': 'jbrandhorst'}, {'username': 'janekg'}]	624	paracetamol	single dose	oral	gram	8.25e-01	tablet	6.00e+00	hr				
Sahajwalla1991	628	ACE_825_t1	dosing	public	[{'username': 'mkoenig'}, {'username': 'jbrandhorst'}, {'username': 'janekg'}]	623	paracetamol	single dose	oral	gram	8.25e-01	tablet	0.00e+00	hr				
Sahajwalla1991	642	ACE_1000_t5	dosing	public	[{'username': 'mkoenig'}, {'username': 'jbrandhorst'}, {'username': 'janekg'}]	637	paracetamol	single dose	oral	gram	1.00e+00	tablet	2.40e+01	hr				
Sahajwalla1991	641	ACE_1000_t4	dosing	public	[{'username': 'mkoenig'}, {'username': 'jbrandhorst'}, {'username': 'janekg'}]	636	paracetamol	single dose	oral	gram	1.00e+00	tablet	1.80e+01	hr				
Sahajwalla1991	640	ACE_1000_t3	dosing	public	[{'username': 'mkoenig'}, {'username': 'jbrandhorst'}, {'username': 'janekg'}]	635	paracetamol	single dose	oral	gram	1.00e+00	tablet	1.20e+01	hr				
Sahajwalla1991	639	ACE_1000_t2	dosing	public	[{'username': 'mkoenig'}, {'username': 'jbrandhorst'}, {'username': 'janekg'}]	634	paracetamol	single dose	oral	gram	1.00e+00	tablet	6.00e+00	hr				
Sahajwalla1991	638	ACE_1000_t1	dosing	public	[{'username': 'mkoenig'}, {'username': 'jbrandhorst'}, {'username': 'janekg'}]	633	paracetamol	single dose	oral	gram	1.00e+00	tablet	0.00e+00	hr				
Richter1974	584	Paracetamol powder (Martindale Samoore)	dosing	public	[{'username': 'mkoenig'}, {'username': 'jbrandhorst'}]	583	paracetamol	single dose	oral	gram	2.00e+00	tablet	0.00e+00	hr				
Richter1974	586	Paracetamol tablets B.P.(W.B.Pharmaceuticals 4227 B3)	dosing	public	[{'username': 'mkoenig'}, {'username': 'jbrandhorst'}]	585	paracetamol	single dose	oral	gram	2.00e+00	tablet	0.00e+00	hr				
Richter1974	588	Paracetamol tablets B.P. (Boots 94V)	dosing	public	[{'username': 'mkoenig'}, {'username': 'jbrandhorst'}]	587	paracetamol	single dose	oral	gram	2.00e+00	tablet	0.00e+00	hr				
Richter1974	590	Paracetamol tablets B.P. (Unichem D331438)	dosing	public	[{'username': 'mkoenig'}, {'username': 'jbrandhorst'}]	589	paracetamol	single dose	oral	gram	2.00e+00	tablet	0.00e+00	hr				
Richter1974	592	Panadol (Winthrop 2KH 184)	dosing	public	[{'username': 'mkoenig'}, {'username': 'jbrandhorst'}]	591	paracetamol	single dose	oral	gram	2.00e+00	tablet	0.00e+00	hr				
Richter1974	594	Panasorb (Winthrop 1KC299)	dosing	public	[{'username': 'mkoenig'}, {'username': 'jbrandhorst'}]	593	paracetamol	single dose	oral	gram	2.00e+00	tablet	0.00e+00	hr				
Ray1985	574	paracetamol1000mg_po(day1)	dosing	public	[{'username': 'mkoenig'}, {'username': 'jbrandhorst'}]	573	paracetamol	single dose	oral	gram	1.00e+00	tablet	0.00e+00	min				
Ray1985	576	lignocaine225ug_iv	dosing	public	[{'username': 'mkoenig'}, {'username': 'jbrandhorst'}]	575	lignocaine	single dose	iv	gram	2.25e-04	solution	-2.40e+01	hr				
Ray1985	578	paracetamol1000mg_po(day3)	dosing	public	[{'username': 'mkoenig'}, {'username': 'jbrandhorst'}]	577	paracetamol	single dose	oral	gram	1.00e+00	tablet	0.00e+00	min				
Rashid1990	560	paracetamol1000mg	dosing	public	[{'username': 'mkoenig'}, {'username': 'jbrandhorst'}]	559	paracetamol	single dose	oral	gram	1.00e+00	solution	0.00e+00	min				
Rashid1990	562	atropine300ug	dosing	public	[{'username': 'mkoenig'}, {'username': 'jbrandhorst'}]	561	atropine	single dose	iv	gram	3.00e-04	solution	-1.00e+01	min				
Rashid1990	564	atropine600ug	dosing	public	[{'username': 'mkoenig'}, {'username': 'jbrandhorst'}]	563	atropine	single dose	iv	gram	6.00e-04	solution	-1.00e+01	min				
Rawlins1977	566	apap_iv_1000	dosing	public	[{'username': 'janekg'}, {'username': 'dimitra'}, {'username': 'mkoenig'}]	565	paracetamol	single dose	iv	gram	1.00e+00	solution	0.00e+00	hr				
Rawlins1977	572	apap_po_2000	dosing	public	[{'username': 'janekg'}, {'username': 'dimitra'}, {'username': 'mkoenig'}]	569	paracetamol	single dose	oral	gram	2.00e+00	tablet	0.00e+00	hr				
Rawlins1977	571	apap_po_1000	dosing	public	[{'username': 'janekg'}, {'username': 'dimitra'}, {'username': 'mkoenig'}]	568	paracetamol	single dose	oral	gram	1.00e+00	tablet	0.00e+00	hr				
Rawlins1977	570	apap_po_500	dosing	public	[{'username': 'janekg'}, {'username': 'dimitra'}, {'username': 'mkoenig'}]	567	paracetamol	single dose	oral	gram	5.00e-01	tablet	0.00e+00	hr				
Sanaka2000	644	liquid nutrient	metabolic challenge	public	[{'username': 'mkoenig'}, {'username': 'jbrandhorst'}]	643									mixed meal			
Sanaka2000	646	paracetamol20mg/kg_po	dosing	public	[{'username': 'mkoenig'}, {'username': 'jbrandhorst'}]	645	paracetamol	single dose	oral	gram / kilogram	2.00e-02	solution	0.00e+00	hr				
Sanaka2002	648	paracetamol_10mg/kg	dosing	public	[{'username': 'mkoenig'}, {'username': 'jbrandhorst'}]	647	paracetamol	single dose	oral	gram / kilogram	1.00e-02	solution	0.00e+00	hr				
Sanaka2002	650	cookie	metabolic challenge	public	[{'username': 'mkoenig'}, {'username': 'jbrandhorst'}]	649									mixed meal			
Prescott1989	558	paracetamol1000mg	dosing	public	[{'username': 'mkoenig'}, {'username': 'jbrandhorst'}]	557	paracetamol	single dose	oral	gram	1.00e+00	tablet	0.00e+00	hr				
Renner2007	580	acetaminophen	dosing	public	[{'username': 'mkoenig'}]	579	paracetamol	single dose	oral	gram	1.00e+00	tablet	0.00e+00	hr				
Renner2007	582	caffeine	dosing	public	[{'username': 'mkoenig'}]	581	caffeine	single dose	oral	gram	1.30e-01	tablet	0.00e+00	hr				
Veronese2003	145	MID	dosing	public	[{'username': 'yduport'}]	143	midazolam	single dose	oral	gram	2.00e-03	solution	0.00e+00	hr				
Veronese2003	146	ERY	dosing	public	[{'username': 'yduport'}]	144	[14C N-methyl] erythromycin	single dose	iv	gram	3.00e-05	solution	0.00e+00	hr				
Veronese2003	153	DSGFJ_day1	dosing	public	[{'username': 'yduport'}]	147	grapefruit juice	single dose	oral	gram	2.40e-01	solution	-4.80e+01	hr				
Veronese2003	154	DSGFJ_day2	dosing	public	[{'username': 'yduport'}]	148	grapefruit juice	single dose	oral	gram	2.40e-01	solution	-2.40e+01	hr				
Veronese2003	155	DSGFJ_90min	dosing	public	[{'username': 'yduport'}]	149	grapefruit juice	single dose	oral	gram	2.40e-01	solution	-1.50e+00	hr				
Veronese2003	156	DSGFJ_60min	dosing	public	[{'username': 'yduport'}]	150	grapefruit juice	single dose	oral	gram	2.40e-01	solution	-1.00e+00	hr				
Veronese2003	157	DSGFJ_30min	dosing	public	[{'username': 'yduport'}]	151	grapefruit juice	single dose	oral	gram	2.40e-01	solution	-5.00e-01	hr				
Veronese2003	158	SSGFJ_60min	dosing	public	[{'username': 'yduport'}]	152	grapefruit juice	single dose	oral	gram	2.40e-01	solution	-1.00e+00	hr				
Greenblatt2003	44	MID_day6	dosing	public	[{'username': 'yduport'}]	39	midazolam	single dose	oral	gram	6.00e-03	no info	1.44e+02	hr				
Greenblatt2003	43	MID_day5	dosing	public	[{'username': 'yduport'}]	38	midazolam	single dose	oral	gram	6.00e-03	no info	1.20e+02	hr				
Greenblatt2003	42	MID_day4	dosing	public	[{'username': 'yduport'}]	37	midazolam	single dose	oral	gram	6.00e-03	no info	9.60e+01	hr				
Greenblatt2003	41	MID_day3	dosing	public	[{'username': 'yduport'}]	36	midazolam	single dose	oral	gram	6.00e-03	no info	7.20e+01	hr				
Greenblatt2003	40	MID_day1	dosing	public	[{'username': 'yduport'}]	35	midazolam	single dose	oral	gram	6.00e-03	no info	0.00e+00	hr				
Greenblatt2003	46	GRAP	dosing	public	[{'username': 'yduport'}]	45	grapefruit juice	single dose	oral	gram	2.95e-01	solution	7.00e+01	hr				
Vanakoski1996	136	MID	dosing	public	[{'username': 'yduport'}]	133	midazolam	single dose	oral	gram	1.00e-02	capsule	0.00e+00	hr				
Vanakoski1996	137	TRZ	dosing	public	[{'username': 'yduport'}]	134	triazolam	single dose	oral	gram	2.50e-04	capsule	0.00e+00	hr				
Vanakoski1996	138	ERY	dosing	public	[{'username': 'yduport'}]	135	erythromycin	single dose	oral	gram	7.50e-01	capsule	0.00e+00	hr				
Vanakoski1996	141	GRAP1	dosing	public	[{'username': 'yduport'}]	139	grapefruit juice	single dose	oral	gram	1.50e-01	solution	-4.00e+01	min				
Vanakoski1996	142	GRAP2	dosing	public	[{'username': 'yduport'}]	140	grapefruit juice	single dose	oral	gram	1.50e-01	solution	0.00e+00	min				
Tsunoda1999	128	iv	dosing	public	[{'username': 'mkoenig'}, {'username': 'yduport'}]	127	midazolam	single dose	iv	gram	2.00e-03	solution	0.00e+00	hr				
Tsunoda1999	130	po	dosing	public	[{'username': 'mkoenig'}, {'username': 'yduport'}]	129	midazolam	single dose	oral	gram	6.00e-03	solution	0.00e+00	hr				
Tsunoda1999	132	KET	qualitative dosing	public	[{'username': 'mkoenig'}, {'username': 'yduport'}]	131	ketoconazole	multiple dose	oral	gram / hour	8.33e-03		-1.20e+01	hr				
Adithan1982	164	paracetamol1000mg	dosing	public	[{'username': 'mkoenig'}, {'username': 'jbrandhorst'}]	163	paracetamol	single dose	oral	gram	1.00e+00	tablet	0.00e+00	hr				
Abernethy1982a	162	paracetamol_iv	dosing	public	[{'username': 'mkoenig'}, {'username': 'jbrandhorst'}]	161	paracetamol	constant infusion	iv	gram	6.50e-01	solution	0.00e+00	min				
Abernethy1982	160	paracetamol_iv	dosing	public	[{'username': 'mkoenig'}, {'username': 'jbrandhorst'}]	159	paracetamol	single dose	iv	gram	6.50e-01	solution	0.00e+00	min				
Smith1981	118	iv	dosing	public	[{'username': 'mkoenig'}, {'username': 'yduport'}]	117	midazolam	single dose	iv	gram	5.00e-03	solution	0.00e+00	hr				
Smith1981	121	po_s	dosing	public	[{'username': 'mkoenig'}, {'username': 'yduport'}]	119	midazolam	single dose	oral	gram	1.00e-02	solution	0.00e+00	hr				
Smith1981	122	po_t	dosing	public	[{'username': 'mkoenig'}, {'username': 'yduport'}]	120	midazolam	single dose	oral	gram	1.00e-02	tablet	0.00e+00	hr				
Albert1974	167	A	dosing	public	[{'username': 'mkoenig'}, {'username': 'dimitra'}, {'username': 'janekg'}]	165	paracetamol	single dose	oral	gram	6.50e-01	capsule	0.00e+00	hr				
Albert1974	168	B	dosing	public	[{'username': 'mkoenig'}, {'username': 'dimitra'}, {'username': 'janekg'}]	166	paracetamol	single dose	oral	gram	6.50e-01	tablet	0.00e+00	hr				
Thummel1996	124	iv	dosing	public	[{'username': 'mkoenig'}, {'username': 'yduport'}]	123	midazolam	single dose	iv	gram	1.00e-03	solution	0.00e+00	day				
Thummel1996	126	po	dosing	public	[{'username': 'mkoenig'}, {'username': 'yduport'}]	125	midazolam	single dose	oral	gram	2.00e-03	solution	0.00e+00	day				
Berg2014	188	paracetamol1000mg_day0	dosing	public	[{'username': 'mkoenig'}, {'username': 'jbrandhorst'}]	187	paracetamol	single dose	oral	gram	1.00e+00	solution	0.00e+00	min				
Berg2014	190	paracetamol1000mg_day10	dosing	public	[{'username': 'mkoenig'}, {'username': 'jbrandhorst'}]	189	paracetamol	single dose	oral	gram	1.00e+00	solution	0.00e+00	min				
Berg2014	192	teduglutide_treatment	metabolic challenge	public	[{'username': 'mkoenig'}, {'username': 'jbrandhorst'}]	191									protein solution			
Borin1989	194	paracetamol325mg	dosing	public	[{'username': 'jbrandhorst'}]	193	paracetamol	single dose	oral	gram	3.25e-01	tablet	0.00e+00	hr				
Borin1989	196	paracetamol500mg	dosing	public	[{'username': 'jbrandhorst'}]	195	paracetamol	single dose	oral	gram	5.00e-01	tablet	0.00e+00	hr				
Borin1989	198	paracetamol1000mg	dosing	public	[{'username': 'jbrandhorst'}]	197	paracetamol	single dose	oral	gram	1.00e+00	tablet	0.00e+00	hr				
Borin1989	200	paracetamol1500mg	dosing	public	[{'username': 'jbrandhorst'}]	199	paracetamol	single dose	oral	gram	1.50e+00	tablet	0.00e+00	hr				
Borin1989	202	paracetamol2000mg	dosing	public	[{'username': 'jbrandhorst'}]	201	paracetamol	single dose	oral	gram	2.00e+00	tablet	0.00e+00	hr				
Bannwarth2001	176	paracetamol1000mg_day1	dosing	public	[{'username': 'mkoenig'}, {'username': 'jbrandhorst'}]	175	paracetamol	single dose	oral	gram	1.00e+00	tablet	0.00e+00	hr				
Bannwarth2001	178	paracetamol_pre-treatment	qualitative dosing	public	[{'username': 'mkoenig'}, {'username': 'jbrandhorst'}]	177	paracetamol		oral			tablet	0.00e+00					
Baraka1990	180	paracetamol	dosing	public	[{'username': 'mkoenig'}, {'username': 'dimitra'}, {'username': 'janekg'}]	179	paracetamol	single dose	oral	gram	1.50e+00	no info	0.00e+00	hr				
Baraka1990	182	antipyrine	dosing	public	[{'username': 'mkoenig'}, {'username': 'dimitra'}, {'username': 'janekg'}]	181	antipyrine	single dose	oral	gram	6.00e-01	no info	0.00e+00	hr				
Baraka1990	184	propanolol	dosing	public	[{'username': 'mkoenig'}, {'username': 'dimitra'}, {'username': 'janekg'}]	183	propanolol	single dose	oral	gram / hour	6.67e-03	no info	0.00e+00	hr				
Bannwarth1992	174	propacetamol2000mg_iv	dosing	public	[{'username': 'mkoenig'}, {'username': 'jbrandhorst'}]	173	propacetamol	single dose	oral	gram	2.00e+00	solution	0.00e+00	min				
Bedjaoui1984	186	paracetamol500mg_po	dosing	public	[{'username': 'mkoenig'}, {'username': 'jbrandhorst'}]	185	paracetamol	single dose	oral	gram	5.00e-01	tablet	0.00e+00	min				
Briant1976	204	paracetamol1000mg	dosing	public	[{'username': 'mkoenig'}, {'username': 'jbrandhorst'}]	203	paracetamol	single dose	oral	gram	1.00e+00	tablet	0.00e+00	hr				
Ameer1981	171	apap_oral	dosing	public	[{'username': 'mkoenig'}, {'username': 'dimitra'}, {'username': 'janekg'}]	169	paracetamol	single dose	oral	gram	6.50e-01	tablet	0.00e+00	hr				
Ameer1981	172	apap_iv	dosing	public	[{'username': 'mkoenig'}, {'username': 'dimitra'}, {'username': 'janekg'}]	170	paracetamol	constant infusion	iv	gram	6.50e-01	solution	0.00e+00	hr				
Chan1997	206	paracetamol	dosing	public	[{'username': 'janekg'}, {'username': 'dimitra'}, {'username': 'mkoenig'}]	205	paracetamol	single dose	oral	gram / kilogram	2.00e-02	solution	0.00e+00	hr				
Divoll1982b	324	breakfast	metabolic challenge	public	[{'username': 'mkoenig'}, {'username': 'jbrandhorst'}]	323									mixed meal			
Divoll1982b	326	paracetamol_iv	dosing	public	[{'username': 'mkoenig'}, {'username': 'jbrandhorst'}]	325	paracetamol	constant infusion	iv	gram	6.50e-01	solution	5.00e+00	min				
Divoll1982b	328	paracetamol650mg	dosing	public	[{'username': 'mkoenig'}, {'username': 'jbrandhorst'}]	327	paracetamol	single dose	oral	gram	6.50e-01	tablet	0.00e+00	hr				
Divoll1982b	330	paracetamol650mg_elixir	dosing	public	[{'username': 'mkoenig'}, {'username': 'jbrandhorst'}]	329	paracetamol	single dose	oral	gram	6.50e-01	tablet	0.00e+00	hr				
Glynn1973	354	paracetamol1000mg_D	dosing	public	[{'username': 'mkoenig'}, {'username': 'jbrandhorst'}]	350	paracetamol	single dose	oral	gram	1.00e+00	tablet	0.00e+00	hr				
Glynn1973	353	paracetamol1000mg_C	dosing	public	[{'username': 'mkoenig'}, {'username': 'jbrandhorst'}]	349	paracetamol	single dose	oral	gram	1.00e+00	tablet	0.00e+00	hr				
Glynn1973	352	paracetamol1000mg_B	dosing	public	[{'username': 'mkoenig'}, {'username': 'jbrandhorst'}]	348	paracetamol	single dose	oral	gram	1.00e+00	tablet	0.00e+00	hr				
Glynn1973	351	paracetamol1000mg_A	dosing	public	[{'username': 'mkoenig'}, {'username': 'jbrandhorst'}]	347	paracetamol	single dose	oral	gram	1.00e+00	tablet	0.00e+00	hr				
Grattan2000	356	Formulation A	dosing	public	[{'username': 'jbrandhorst'}]	355	paracetamol	single dose	oral	gram	5.00e-01	tablet	0.00e+00	hr				
Grattan2000	358	Formulation B	dosing	public	[{'username': 'jbrandhorst'}]	357	paracetamol	single dose	oral	gram	5.00e-01	tablet	0.00e+00	hr				
Grattan2000	360	Formulation C	dosing	public	[{'username': 'jbrandhorst'}]	359	paracetamol	single dose	oral	gram	5.00e-01	tablet	0.00e+00	hr				
Grattan2000	362	Formulation D	dosing	public	[{'username': 'jbrandhorst'}]	361	paracetamol	single dose	oral	gram	5.00e-01	tablet	0.00e+00	hr				
Grattan2000	364	Formulation E	dosing	public	[{'username': 'jbrandhorst'}]	363	paracetamol	single dose	oral	gram	5.00e-01	tablet	0.00e+00	hr				
Fulton1979	340	paracetamol500mg_iv	dosing	public	[{'username': 'mkoenig'}, {'username': 'jbrandhorst'}]	339	paracetamol	single dose	iv	gram	5.00e-01	solution	0.00e+00	min				
Fulton1979	342	paracetamol500mg_po	dosing	public	[{'username': 'mkoenig'}, {'username': 'jbrandhorst'}]	341	paracetamol	single dose	oral	gram	5.00e-01	solution	0.00e+00	min				
Douglas1996	334	paracetamol75mg/kg_po(ER)	dosing	public	[{'username': 'mkoenig'}, {'username': 'jbrandhorst'}]	333	paracetamol	single dose	oral	gram / kilogram	7.50e-02	tablet	0.00e+00	min				
Douglas1996	336	paracetamol75mg/kg_po(IR)	dosing	public	[{'username': 'mkoenig'}, {'username': 'jbrandhorst'}]	335	paracetamol	single dose	oral	gram / kilogram	7.50e-02	tablet	0.00e+00	min				
Divoll1982	322	elixir	dosing	public	[{'username': 'mkoenig'}, {'username': 'jbrandhorst'}]	319	paracetamol	single dose	oral	gram	6.50e-01	solution	0.00e+00	hr				
Divoll1982	321	tablet	dosing	public	[{'username': 'mkoenig'}, {'username': 'jbrandhorst'}]	318	paracetamol	single dose	oral	gram	6.50e-01	tablet	0.00e+00	hr				
Divoll1982	320	iv	dosing	public	[{'username': 'mkoenig'}, {'username': 'jbrandhorst'}]	317	paracetamol	single dose	iv	gram	6.50e-01	solution	0.00e+00	hr				
Forrest1979	338	paracetamol1500mg	dosing	public	[{'username': 'mkoenig'}, {'username': 'jbrandhorst'}]	337	paracetamol	single dose	oral	gram	1.50e+00	tablet	0.00e+00	hr				
Ganetsky2013	344	solid	dosing	public	[{'username': 'mkoenig'}, {'username': 'jbrandhorst'}]	343	paracetamol	single dose	oral	gram / kilogram	1.50e-02	tablet	0.00e+00	hr				
Ganetsky2013	346	liquid	dosing	public	[{'username': 'mkoenig'}, {'username': 'jbrandhorst'}]	345	paracetamol	single dose	oral	gram / kilogram	1.50e-02	solution	0.00e+00	hr				
Divoll1982c	332	paracetamol_iv	dosing	public	[{'username': 'mkoenig'}, {'username': 'jbrandhorst'}]	331	paracetamol	constant infusion	iv	gram	6.50e-01	solution	0.00e+00	min				
Kamali1987	410	paracetamol1500mg_po	dosing	public	[{'username': 'mkoenig'}, {'username': 'jbrandhorst'}]	409	paracetamol	single dose	oral	gram	1.50e+00	tablet	0.00e+00	min				
Kamali1987	417	midnight	circadian status	public	[{'username': 'mkoenig'}, {'username': 'jbrandhorst'}]	411									nighttime			
Kamali1987	418	4am	circadian status	public	[{'username': 'mkoenig'}, {'username': 'jbrandhorst'}]	412									morning			
Kamali1987	419	8am	circadian status	public	[{'username': 'mkoenig'}, {'username': 'jbrandhorst'}]	413									morning			
Kamali1987	420	12noon	circadian status	public	[{'username': 'mkoenig'}, {'username': 'jbrandhorst'}]	414									daytime			
Kamali1987	421	4pm	circadian status	public	[{'username': 'mkoenig'}, {'username': 'jbrandhorst'}]	415									daytime			
Kamali1987	422	8pm	circadian status	public	[{'username': 'mkoenig'}, {'username': 'jbrandhorst'}]	416									nighttime (pre-sleep)			
Kamali1987	424	paracetamol1500mg_iv	dosing	public	[{'username': 'mkoenig'}, {'username': 'jbrandhorst'}]	423	paracetamol	single dose	oral	gram	1.50e+00	solution	1.50e+01	min				
Jack1985	394	paracetamol1000mg	dosing	public	[{'username': 'mkoenig'}, {'username': 'jbrandhorst'}]	393	paracetamol	single dose	oral	gram	1.00e+00	tablet	1.00e+00	hr				
Jack1985	396	paracetamol1000mg_iv	dosing	public	[{'username': 'mkoenig'}, {'username': 'jbrandhorst'}]	395	paracetamol	single dose	iv	gram	1.00e+00	solution	1.00e+00	hr				
Jack1985	398	ranitidine300mg	dosing	public	[{'username': 'mkoenig'}, {'username': 'jbrandhorst'}]	397	paracetamol	single dose	oral	gram	3.00e-01	tablet	0.00e+00	hr				
Jack1985	400	ranitidine300mg-12hr	dosing	public	[{'username': 'mkoenig'}, {'username': 'jbrandhorst'}]	399	paracetamol	single dose	oral	gram	3.00e-01	tablet	-1.20e+01	hr				
Jack1985	402	ranitidine300mg-24hr	dosing	public	[{'username': 'mkoenig'}, {'username': 'jbrandhorst'}]	401	paracetamol	single dose	oral	gram	3.00e-01	tablet	-2.40e+01	hr				
Jack1985	404	ranitidine300mg-36hr	dosing	public	[{'username': 'mkoenig'}, {'username': 'jbrandhorst'}]	403	paracetamol	single dose	oral	gram	3.00e-01	tablet	-3.60e+01	hr				
Jack1985	406	ranitidine300mg-48hr	dosing	public	[{'username': 'mkoenig'}, {'username': 'jbrandhorst'}]	405	paracetamol	single dose	oral	gram	3.00e-01	tablet	-4.80e+01	hr				
Gwilt1963	366	paracetamol1000mg_whole	dosing	public	[{'username': 'mkoenig'}, {'username': 'jbrandhorst'}]	365	paracetamol	single dose	oral	gram	1.00e+00	tablet	0.00e+00	hr				
Gwilt1963	368	paracetamol1000mg_crushed	dosing	public	[{'username': 'mkoenig'}, {'username': 'jbrandhorst'}]	367	paracetamol	single dose	oral	gram	1.00e+00	tablet	0.00e+00	hr				
Gwilt1963	370	sorbitol100mg	dosing	public	[{'username': 'mkoenig'}, {'username': 'jbrandhorst'}]	369	sorbitol	single dose	oral	gram	1.00e-01	tablet	0.00e+00	hr				
Itoh2000	378	paracetamol1000mg	dosing	public	[{'username': 'mkoenig'}, {'username': 'jbrandhorst'}]	377	paracetamol	single dose	oral	gram	1.00e+00	tablet	0.00e+00	hr				
Itoh2000	380	ranitidine300mg	dosing	public	[{'username': 'mkoenig'}, {'username': 'jbrandhorst'}]	379	ranitidine	single dose	oral	gram	3.00e-01	tablet	0.00e+00	hr				
Itoh2000	382	ranitidine300mg_pre-treatment	dosing	public	[{'username': 'mkoenig'}, {'username': 'jbrandhorst'}]	381	ranitidine	single dose	oral	gram	3.00e-01	tablet	-1.00e+00	hr				
Itoh2002	388	paracetamol1000mg	dosing	public	[{'username': 'mkoenig'}, {'username': 'jbrandhorst'}]	387	paracetamol	single dose	oral	gram	1.00e+00	tablet	0.00e+00	hr				
Itoh2002	390	nizatidine300mg	dosing	public	[{'username': 'mkoenig'}, {'username': 'jbrandhorst'}]	389	nizatidine	single dose	oral	gram	3.00e-01	tablet	0.00e+00	hr				
Itoh2002	392	nizatidine150mg	dosing	public	[{'username': 'mkoenig'}, {'username': 'jbrandhorst'}]	391	nizatidine	single dose	oral	gram	1.50e-01	tablet	0.00e+00	min				
Heading1973	372	paracetamol1500mg_po	dosing	public	[{'username': 'mkoenig'}, {'username': 'jbrandhorst'}]	371	paracetamol	single dose	oral	gram	1.50e+00	tablet	0.00e+00	min				
Itoh2001	384	paracetamol1000mg	dosing	public	[{'username': 'jbrandhorst'}]	383	paracetamol	single dose	oral	gram	1.00e+00	tablet	0.00e+00	hr				
Itoh2001	386	cisapride	dosing	public	[{'username': 'jbrandhorst'}]	385	cisapride	single dose	oral	gram	7.50e-03	tablet	0.00e+00	hr				
Iqbal1995	374	paracetamol	dosing	public	[{'username': 'mkoenig'}, {'username': 'jbrandhorst'}]	373	paracetamol	single dose	oral	gram	5.00e-01	tablet	0.00e+00	hr				
Iqbal1995	376	caffeine	dosing	public	[{'username': 'mkoenig'}, {'username': 'jbrandhorst'}]	375	caffeine	single dose	oral	gram	6.00e-02	tablet	0.00e+00	hr				
Jensen2004	408	paracetamol	dosing	public	[{'username': 'janekg'}, {'username': 'dimitra'}, {'username': 'mkoenig'}]	407	paracetamol	single dose	oral	gram	1.00e+00	tablet	0.00e+00	hr				
Miners1984	508	paracetamol1000mg	dosing	public	[{'username': 'mkoenig'}, {'username': 'jbrandhorst'}]	507	paracetamol	single dose	oral	gram	1.00e+00	tablet	0.00e+00	hr				
Miners1984	510	cimetidine	dosing	public	[{'username': 'mkoenig'}, {'username': 'jbrandhorst'}]	509	cimetidine	single dose	oral	gram	2.00e-01	tablet	0.00e+00	hr				
Miners1984	512	sulfinpyrazone	dosing	public	[{'username': 'mkoenig'}, {'username': 'jbrandhorst'}]	511	sulfinpyrazone	single dose	oral	gram	2.00e-01	tablet	0.00e+00	hr				
Miners1984	514	anticonvulsants	qualitative dosing	public	[{'username': 'mkoenig'}, {'username': 'jbrandhorst'}]	513	paracetamol	multiple dose	oral			tablet	0.00e+00	hr				
McGilveray1972	496	paracetamol1000mg	dosing	public	[{'username': 'mkoenig'}, {'username': 'jbrandhorst'}]	495	paracetamol	single dose	oral	gram	1.00e+00	tablet	0.00e+00	hr				
McGilveray1972	498	fasted	fasting	public	[{'username': 'mkoenig'}, {'username': 'jbrandhorst'}]	497									Y			
McGilveray1972	500	food	metabolic challenge	public	[{'username': 'mkoenig'}, {'username': 'jbrandhorst'}]	499									mixed meal			
McGilveray1972	502	nighttime	circadian status	public	[{'username': 'mkoenig'}, {'username': 'jbrandhorst'}]	501									nighttime (pre-sleep)			
McGilveray1972	504	morning	circadian status	public	[{'username': 'mkoenig'}, {'username': 'jbrandhorst'}]	503									morning			
Lowenthal1976	488	paracetamol1000mg/1.73mÂ²_po	dosing	public	[{'username': 'mkoenig'}, {'username': 'jbrandhorst'}]	487	paracetamol	single dose	oral	gram / meter ** 2	5.78e-01	solution	0.00e+00	min				
Liukas2011	486	paracetamol1000mg_iv	dosing	public	[{'username': 'mkoenig'}, {'username': 'jbrandhorst'}]	485	paracetamol	constant infusion	iv	gram	1.00e+00	solution	0.00e+00	min				
Mitchell1983	520	paracetamol1500mg	dosing	public	[{'username': 'mkoenig'}, {'username': 'jbrandhorst'}]	519	paracetamol	single dose	oral	gram	1.50e+00	capsule	0.00e+00	hr				
Malan1985	490	8.00h	dosing	public	[{'username': 'mkoenig'}, {'username': 'jbrandhorst'}]	489	paracetamol	single dose	oral	gram	1.00e+00	tablet	0.00e+00	hr				
Malan1985	492	14.00h	dosing	public	[{'username': 'mkoenig'}, {'username': 'jbrandhorst'}]	491	paracetamol	single dose	oral	gram	1.00e+00	tablet	0.00e+00	hr				
Malan1985	494	20.00h	dosing	public	[{'username': 'mkoenig'}, {'username': 'jbrandhorst'}]	493	paracetamol	single dose	oral	gram	1.00e+00	tablet	0.00e+00	hr				
Miners1983	506	paracetamol1000mg	dosing	public	[{'username': 'mkoenig'}, {'username': 'jbrandhorst'}]	505	paracetamol	single dose	oral	gram	1.00e+00	tablet	0.00e+00	hr				
Miners1986	516	paracetamol1000mg	dosing	public	[{'username': 'mkoenig'}, {'username': 'jbrandhorst'}]	515	paracetamol	single dose	oral	gram	1.00e+00	tablet	0.00e+00	hr				
Miners1988	518	paracetamol1000mg	dosing	public	[{'username': 'mkoenig'}, {'username': 'jbrandhorst'}]	517	paracetamol	single dose	oral	gram	1.00e+00	tablet	0.00e+00	hr				
Ochs1984	528	paracetamol_650mg_iv	dosing	public	[{'username': 'mkoenig'}, {'username': 'jbrandhorst'}]	527	paracetamol	single dose	iv	gram	6.50e-01	solution	0.00e+00	min				
Ochs1984	530	antipyrine_1000mg_iv	dosing	public	[{'username': 'mkoenig'}, {'username': 'jbrandhorst'}]	529	antipyrine	single dose	iv	gram	1.00e+00	solution	0.00e+00	min				
Ochs1984	532	isoniazid_pre-treatment	qualitative dosing	public	[{'username': 'mkoenig'}, {'username': 'jbrandhorst'}]	531	isoniazide											
Paintaud1998	536	paracetamol1000mg_po(first)	dosing	public	[{'username': 'mkoenig'}, {'username': 'jbrandhorst'}]	535	paracetamol	single dose	oral	gram	1.00e+00	tablet	0.00e+00	min				
Paintaud1998	538	paracetamol1000mg_po(second)	dosing	public	[{'username': 'mkoenig'}, {'username': 'jbrandhorst'}]	537	paracetamol	single dose	oral	gram	1.00e+00	tablet	0.00e+00	min				
Paintaud1998	540	semi-solid meal	metabolic challenge	public	[{'username': 'mkoenig'}, {'username': 'jbrandhorst'}]	539									mixed meal			
Mucklow1980	522	paracetamol1500mg	dosing	public	[{'username': 'mkoenig'}, {'username': 'jbrandhorst'}]	521	paracetamol	single dose	oral	gram	1.50e+00	tablet	0.00e+00	hr				
Mucklow1980	524	antipyrine600mg	dosing	public	[{'username': 'mkoenig'}, {'username': 'jbrandhorst'}]	523	antipyrine	single dose	oral	gram	6.00e-01	tablet	0.00e+00	hr				
Prescott1968	548	apap_900mg_2	dosing	public	[{'username': 'mkoenig'}, {'username': 'jbrandhorst'}]	546	paracetamol	single dose	oral	gram	9.00e-01	capsule	5.00e-01	hr				
Prescott1968	547	apap_900mg_1	dosing	public	[{'username': 'mkoenig'}, {'username': 'jbrandhorst'}]	545	paracetamol	single dose	oral	gram	9.00e-01	capsule	0.00e+00	hr				
Prescott1968	550	apap_1800mg	qualitative dosing	public	[{'username': 'mkoenig'}, {'username': 'jbrandhorst'}]	549	paracetamol	multiple dose	oral	gram	1.80e+00	capsule						
Prescott1981	554	paracetamol	dosing	public	[{'username': 'mkoenig'}, {'username': 'jbrandhorst'}]	553	paracetamol	single dose	oral	gram / kilogram	2.00e-02	tablet	0.00e+00	hr				
Prescott1981	556	antipyrine	dosing	public	[{'username': 'mkoenig'}, {'username': 'jbrandhorst'}]	555	antipyrine	single dose	oral	gram / kilogram	1.80e-02	tablet	0.00e+00	hr				
Osborne1991	534	paracetamol1000mg	dosing	public	[{'username': 'mkoenig'}, {'username': 'jbrandhorst'}]	533	paracetamol	single dose	oral	gram	1.00e+00	tablet	0.00e+00	hr				
Nelson1963	526	paracetamol1000mg	dosing	public	[{'username': 'mkoenig'}, {'username': 'jbrandhorst'}]	525	paracetamol	single dose	oral	gram	1.00e+00	capsule	0.00e+00	min				
Perucca1979	542	paracetamol oral	dosing	public	[{'username': 'dimitra'}, {'username': 'mkoenig'}]	541	paracetamol	single dose	oral	gram	1.00e+00	solution	0.00e+00	hr				
Perucca1979	544	paracetamol iv	dosing	public	[{'username': 'dimitra'}, {'username': 'mkoenig'}]	543	paracetamol	single dose	iv	gram	1.00e+00	solution	0.00e+00	hr				
Prescott1973	552	paracetamol overdose	qualitative dosing	public	[{'username': 'mkoenig'}, {'username': 'jbrandhorst'}]	551	paracetamol		oral	gram			0.00e+00	hr				
Somaja1987	690	paracetamol1000mg	dosing	public	[{'username': 'mkoenig'}, {'username': 'jbrandhorst'}]	689	paracetamol	single dose	oral	gram	1.00e+00	tablet	0.00e+00	min				
Somaja1987	692	menstrual_cycle_day3	menstrual status	public	[{'username': 'mkoenig'}, {'username': 'jbrandhorst'}]	691									NR			
Somaja1987	694	menstrual_cycle_day10	menstrual status	public	[{'username': 'mkoenig'}, {'username': 'jbrandhorst'}]	693									NR			
Somaja1987	696	menstrual_cycle_day14	menstrual status	public	[{'username': 'mkoenig'}, {'username': 'jbrandhorst'}]	695									NR			
Somaja1987	698	menstrual_cycle_day20	menstrual status	public	[{'username': 'mkoenig'}, {'username': 'jbrandhorst'}]	697									NR			
Somaja1987	700	menstrual_cycle_day25	menstrual status	public	[{'username': 'mkoenig'}, {'username': 'jbrandhorst'}]	699									NR			
Seideman1980	652	paracetamol500mg_po	dosing	public	[{'username': 'mkoenig'}, {'username': 'jbrandhorst'}]	651	paracetamol	single dose	oral	gram	5.00e-01	tablet	0.00e+00	min				
Seideman1980	654	paracetamol1000mg_po	dosing	public	[{'username': 'mkoenig'}, {'username': 'jbrandhorst'}]	653	paracetamol	single dose	oral	gram	1.00e+00	tablet	0.00e+00	min				
Seideman1980	656	paracetamol500mg_pr	dosing	public	[{'username': 'mkoenig'}, {'username': 'jbrandhorst'}]	655	paracetamol	single dose	rectal	gram	5.00e-01	tablet	0.00e+00	min				
Seideman1980	658	paracetamol1000mg_pr	dosing	public	[{'username': 'mkoenig'}, {'username': 'jbrandhorst'}]	657	paracetamol	single dose	rectal	gram	1.00e+00	tablet	0.00e+00	min				
Singla2012	688	paracetamol1000mg_pr	dosing	public	[{'username': 'mkoenig'}, {'username': 'jbrandhorst'}]	684	paracetamol	single dose	rectal	gram	1.00e+00	suppository	0.00e+00	hr				
Singla2012	687	paracetamol1300mg_pr	dosing	public	[{'username': 'mkoenig'}, {'username': 'jbrandhorst'}]	683	paracetamol	single dose	rectal	gram	1.30e+00	suppository	0.00e+00	hr				
Singla2012	686	paracetamol1000mg_po	dosing	public	[{'username': 'mkoenig'}, {'username': 'jbrandhorst'}]	682	paracetamol	single dose	oral	gram	1.00e+00	tablet	0.00e+00	hr				
Singla2012	685	paracetamol1000mg_iv	dosing	public	[{'username': 'mkoenig'}, {'username': 'jbrandhorst'}]	681	paracetamol	single dose	iv	gram	1.00e+00	solution	0.00e+00	hr				
Stillings2000	714	breakfast	metabolic challenge	public	[{'username': 'mkoenig'}, {'username': 'jbrandhorst'}]	713							-1.00e+01	min	mixed meal			
Stillings2000	716	paracetamol1000mg_po	dosing	public	[{'username': 'mkoenig'}, {'username': 'jbrandhorst'}]	715	paracetamol	single dose	oral	gram	1.00e+00	tablet	0.00e+00	min				
Stillings2000	718	aspirin900mg_po	dosing	public	[{'username': 'mkoenig'}, {'username': 'jbrandhorst'}]	717	acetylsalicylic acid	single dose	oral	gram	9.00e-01	solution	0.00e+00	min				
Sonne1988	702	paracetamol1000mg_iv	dosing	public	[{'username': 'mkoenig'}, {'username': 'jbrandhorst'}]	701	paracetamol	single dose	iv	gram	1.00e+00	solution	0.00e+00	hr				
Sonne1988	704	codeine50mg_first	dosing	public	[{'username': 'mkoenig'}, {'username': 'jbrandhorst'}]	703	codeine	single dose	oral	gram	5.00e-02	tablet	-8.00e+00	hr				
Sonne1988	706	codeine50mg_second	dosing	public	[{'username': 'mkoenig'}, {'username': 'jbrandhorst'}]	705	codeine	single dose	oral	gram	5.00e-02	tablet	-1.00e+00	hr				
Shinoda2007	670	paracetamol600mg	dosing	public	[{'username': 'mkoenig'}, {'username': 'jbrandhorst'}]	669	paracetamol	single dose	oral	gram	6.00e-01	tablet	0.00e+00	hr				
Shinoda2007	672	paracetamol800mg	dosing	public	[{'username': 'mkoenig'}, {'username': 'jbrandhorst'}]	671	paracetamol	single dose	oral	gram	8.00e-01	tablet	0.00e+00	hr				
Shinoda2007	674	paracetamol1000mg	dosing	public	[{'username': 'mkoenig'}, {'username': 'jbrandhorst'}]	673	paracetamol	single dose	oral	gram	1.00e+00	tablet	0.00e+00	hr				
Shively1975	676	paracetamol14mg/kg	dosing	public	[{'username': 'mkoenig'}, {'username': 'jbrandhorst'}]	675	paracetamol	single dose	oral	gram / kilogram	1.40e-02	capsule	0.00e+00	hr				
Shively1975	678	morning	circadian status	public	[{'username': 'mkoenig'}, {'username': 'jbrandhorst'}]	677									morning			
Shively1975	680	evening	circadian status	public	[{'username': 'mkoenig'}, {'username': 'jbrandhorst'}]	679									nighttime (pre-sleep)			
Souliman2006	708	paracetamol500mg	dosing	public	[{'username': 'mkoenig'}, {'username': 'jbrandhorst'}]	707	paracetamol	single dose	oral	gram	5.00e-01	tablet	0.00e+00	hr				
Souliman2006	710	fasted	overnight fast	public	[{'username': 'mkoenig'}, {'username': 'jbrandhorst'}]	709									Y			
Souliman2006	712	fed	metabolic challenge	public	[{'username': 'mkoenig'}, {'username': 'jbrandhorst'}]	711									mixed meal			
Sevilla-Tirado2003	660	A	dosing	public	[{'username': 'mkoenig'}, {'username': 'jbrandhorst'}]	659	paracetamol	single dose	oral	gram	1.00e+00	tablet	0.00e+00	hr				
Sevilla-Tirado2003	662	B	dosing	public	[{'username': 'mkoenig'}, {'username': 'jbrandhorst'}]	661	paracetamol	single dose	oral	gram	1.00e+00	tablet	0.00e+00	hr				
Sevilla-Tirado2003	664	C	dosing	public	[{'username': 'mkoenig'}, {'username': 'jbrandhorst'}]	663	paracetamol	single dose	oral	gram	1.00e+00	tablet	0.00e+00	hr				
Sevilla-Tirado2003	666	D	dosing	public	[{'username': 'mkoenig'}, {'username': 'jbrandhorst'}]	665	paracetamol	single dose	oral	gram	1.00e+00	tablet	0.00e+00	hr				
Sevilla-Tirado2003	668	E	dosing	public	[{'username': 'mkoenig'}, {'username': 'jbrandhorst'}]	667	paracetamol	single dose	oral	gram	1.00e+00	tablet	0.00e+00	hr				
Tan2006	720	APAP-IR	dosing	public	[{'username': 'mkoenig'}, {'username': 'jbrandhorst'}]	719	paracetamol	single dose	oral	gram / kilogram	7.31e-02	tablet	0.00e+00	hr		2.80e-03		
Tan2006	722	Panadol Extend	dosing	public	[{'username': 'mkoenig'}, {'username': 'jbrandhorst'}]	721	paracetamol	single dose	oral	gram / kilogram	7.45e-02	tablet	0.00e+00	hr		2.90e-03		
Tokola1984	724	paracetamol1000mg_po	dosing	public	[{'username': 'mkoenig'}, {'username': 'jbrandhorst'}]	723	paracetamol	single dose	oral	gram	1.00e+00	solution	0.00e+00	min				
Triggs1975	726	light breakfast	metabolic challenge	public	[{'username': 'mkoenig'}, {'username': 'jbrandhorst'}]	725									mixed meal			
Triggs1975	728	paracetamol_14.3mg/kg	dosing	public	[{'username': 'mkoenig'}, {'username': 'jbrandhorst'}]	727	paracetamol	single dose	oral	gram / kilogram	1.43e-02	solution	0.00e+00	hr				
Triggs1975	730	sulfamethizole_14.3mg/kg	dosing	public	[{'username': 'mkoenig'}, {'username': 'jbrandhorst'}]	729	sulfamethizole	single dose	oral	gram / kilogram	1.43e-02	solution	0.00e+00	hr				
Triggs1975	732	phenylbutazone5mg/kg	dosing	public	[{'username': 'mkoenig'}, {'username': 'jbrandhorst'}]	731	phenylbutazone	single dose	oral	gram / kilogram	5.00e-03	capsule	0.00e+00	hr				
Volak2013	734	midazolam3mg	dosing	public	[{'username': 'mkoenig'}, {'username': 'jbrandhorst'}]	733	midazolam	single dose	oral	gram	3.00e-03	tablet	0.00e+00	hr				
Volak2013	736	paracetamol325mg	dosing	public	[{'username': 'mkoenig'}, {'username': 'jbrandhorst'}]	735	paracetamol	single dose	oral	gram	3.25e-01	tablet	0.00e+00	hr				
Volak2013	738	flurbiprofen100mg	dosing	public	[{'username': 'mkoenig'}, {'username': 'jbrandhorst'}]	737	flurbiprofen	single dose	oral	gram	1.00e-01	tablet	0.00e+00	hr				
Volak2013	740	piperine24mg	dosing	public	[{'username': 'mkoenig'}, {'username': 'jbrandhorst'}]	739	piperine	single dose	oral	gram	2.40e-02	tablet	0.00e+00	hr				
Volak2013	742	curcuminoids4000mg	dosing	public	[{'username': 'mkoenig'}, {'username': 'jbrandhorst'}]	741	curcuminoids	single dose	oral	gram	4.00e+00	tablet	0.00e+00	hr				
Wojcicki1979	744	paracetamol1000mg	dosing	public	[{'username': 'mkoenig'}, {'username': 'jbrandhorst'}]	743	paracetamol	single dose	oral	gram	1.00e+00	tablet	0.00e+00	hr				
Wojcicki1979	746	luteal phase	menstrual status	public	[{'username': 'mkoenig'}, {'username': 'jbrandhorst'}]	745									luteal phase			
Wojcicki1979	748	follicular phase	menstrual status	public	[{'username': 'mkoenig'}, {'username': 'jbrandhorst'}]	747									follicular phase			
Wynne1990	750	paracetamol500mg	dosing	public	[{'username': 'mkoenig'}, {'username': 'jbrandhorst'}]	749	paracetamol	constant infusion	iv	gram	5.00e-01	solution	1.00e+01	min				
Yin2001	752	paracetamol500mg	dosing	public	[{'username': 'mkoenig'}, {'username': 'jbrandhorst'}]	751	paracetamol	single dose	oral	gram	5.00e-01	tablet	0.00e+00	hr				
